Tournament Id,Stage Name,Group Name,Group Stage,Knockout Stage,Match Date,Home Team Name,Away Team Name,Home Team Score,Away Team Score,Home Team Score Margin,Away Team Score Margin,Extra Time,Penalty Shootout,Score Penalties,Home Team Score Penalties,Away Team Score Penalties,Result,Home Team Win,Away Team Win,Draw,year,home_elo,home_rank,home_conf,home_is_host,home_elo_max,home_elo_avg,home_elo_min,home_wins,home_losses,home_draws,home_goals_for,home_goals_against,home_matches_total,away_elo,away_rank,away_conf,away_is_host,away_elo_max,away_elo_avg,away_elo_min,away_wins,away_losses,away_draws,away_goals_for,away_goals_against,away_matches_total,elo_diff,rank_diff,goal_diff,home_win_rate,away_win_rate,home_goals_per_match,away_goals_per_match
WC-1930,group stage,Group 1,1,0,1930-07-13,France,Mexico,4,1,3,-3,0,0,0-0,0,0,2,1,0,0,1930,1573,33,UEFA,0,1640,1572,1514,28,66,11,176,368,105,1498,40,CONCACAF,1,1708,1666,1498,4,6,1,21,33,11,75,-7,3,0.26666666666666666,0.36363636363636365,1.6761904761904762,1.9090909090909092
WC-1930,group stage,Group 4,1,0,1930-07-13,United States,Belgium,3,0,3,-3,0,0,0-0,0,0,2,1,0,0,1930,1761,14,CONCACAF,1,1784,1698,1671,7,7,2,38,42,16,1604,30,UEFA,0,1930,1772,1589,47,61,21,263,309,129,157,-16,3,0.4375,0.3643410852713178,2.375,2.0387596899224807
WC-1930,group stage,Group 1,1,0,1930-07-15,Argentina,France,1,0,1,-1,0,0,0-0,0,0,2,1,0,0,1930,2060,1,CONMEBOL,0,2106,1975,1855,93,50,43,368,228,186,1573,33,UEFA,0,1640,1572,1514,28,66,11,176,368,105,487,-32,1,0.5,0.26666666666666666,1.978494623655914,1.6761904761904762
WC-1930,group stage,Group 4,1,0,1930-07-17,United States,Paraguay,3,0,3,-3,0,0,0-0,0,0,2,1,0,0,1930,1761,14,CONCACAF,1,1784,1698,1671,7,7,2,38,42,16,1737,16,CONMEBOL,0,1864,1738,1647,16,28,7,64,101,51,24,-2,3,0.4375,0.3137254901960784,2.375,1.2549019607843137
WC-1930,group stage,Group 1,1,0,1930-07-19,Argentina,Mexico,6,3,3,-3,0,0,0-0,0,0,2,1,0,0,1930,2060,1,CONMEBOL,0,2106,1975,1855,93,50,43,368,228,186,1498,40,CONCACAF,1,1708,1666,1498,4,6,1,21,33,11,562,-39,3,0.5,0.36363636363636365,1.978494623655914,1.9090909090909092
WC-1930,group stage,Group 4,1,0,1930-07-20,Paraguay,Belgium,1,0,1,-1,0,0,0-0,0,0,2,1,0,0,1930,1737,16,CONMEBOL,0,1864,1738,1647,16,28,7,64,101,51,1604,30,UEFA,0,1930,1772,1589,47,61,21,263,309,129,133,-14,1,0.3137254901960784,0.3643410852713178,1.2549019607843137,2.0387596899224807
WC-1930,semi-finals,not applicable,0,1,1930-07-26,Argentina,United States,6,1,5,-5,0,0,0-0,0,0,2,1,0,0,1930,2060,1,CONMEBOL,0,2106,1975,1855,93,50,43,368,228,186,1761,14,CONCACAF,1,1784,1698,1671,7,7,2,38,42,16,299,-13,5,0.5,0.4375,1.978494623655914,2.375
WC-1930,final,not applicable,0,1,1930-07-30,Uruguay,Argentina,4,2,2,-2,0,0,0-0,0,0,2,1,0,0,1930,2034,2,CONMEBOL,0,2104,1940,1827,79,55,35,301,223,169,2060,1,CONMEBOL,0,2106,1975,1855,93,50,43,368,228,186,-26,1,2,0.46745562130177515,0.5,1.7810650887573964,1.978494623655914
WC-1934,round of 16,not applicable,0,1,1934-05-27,Austria,France,3,2,1,-1,1,0,0-0,0,0,2,1,0,0,1934,1957,6,UEFA,0,2070,1880,1785,83,53,33,404,304,169,1627,30,UEFA,0,1640,1575,1514,37,80,14,231,436,131,330,-24,1,0.4911242603550296,0.2824427480916031,2.3905325443786984,1.7633587786259541
WC-1934,round of 16,not applicable,0,1,1934-05-27,Germany,Belgium,5,2,3,-3,0,0,0-0,0,0,2,1,0,0,1934,1878,9,UEFA,0,1878,1704,1637,42,43,21,247,233,106,1529,44,UEFA,0,1930,1748,1529,56,78,24,324,401,158,349,-35,3,0.39622641509433965,0.35443037974683544,2.330188679245283,2.050632911392405
WC-1934,round of 16,not applicable,0,1,1934-05-27,Spain,Brazil,3,1,2,-2,0,0,0-0,0,0,2,1,0,0,1934,1969,4,UEFA,0,2036,1970,1901,33,9,8,120,50,50,1859,11,CONMEBOL,0,1934,1890,1805,22,18,8,88,78,48,110,-7,2,0.66,0.4583333333333333,2.4,1.8333333333333333
WC-1934,round of 16,not applicable,0,1,1934-05-27,Sweden,Argentina,3,2,1,-1,0,0,0-0,0,0,2,1,0,0,1934,1756,15,UEFA,0,1894,1712,1579,89,72,30,516,385,191,2018,3,CONMEBOL,0,2106,1984,1855,99,53,46,387,240,198,-262,12,1,0.46596858638743455,0.5,2.701570680628272,1.9545454545454546
WC-1934,round of 16,not applicable,0,1,1934-05-27,Switzerland,Netherlands,3,2,1,-1,0,0,0-0,0,0,2,1,0,0,1934,1624,32,UEFA,0,1795,1564,1485,33,74,23,210,343,130,1687,19,UEFA,0,2003,1841,1606,61,54,23,316,301,138,-63,13,1,0.25384615384615383,0.4420289855072464,1.6153846153846154,2.289855072463768
WC-1934,quarter-finals,not applicable,0,1,1934-05-31,Germany,Sweden,2,1,1,-1,0,0,0-0,0,0,2,1,0,0,1934,1878,9,UEFA,0,1878,1704,1637,42,43,21,247,233,106,1756,15,UEFA,0,1894,1712,1579,89,72,30,516,385,191,122,-6,1,0.39622641509433965,0.46596858638743455,2.330188679245283,2.701570680628272
WC-1934,third-place match,not applicable,0,1,1934-06-07,Germany,Austria,3,2,1,-1,0,0,0-0,0,0,2,1,0,0,1934,1878,9,UEFA,0,1878,1704,1637,42,43,21,247,233,106,1957,6,UEFA,0,2070,1880,1785,83,53,33,404,304,169,-79,3,1,0.39622641509433965,0.4911242603550296,2.330188679245283,2.3905325443786984
WC-1938,round of 16,not applicable,0,1,1938-06-04,Switzerland,Germany,1,1,0,0,1,0,0-0,0,0,1,0,0,1,1938,1710,19,UEFA,0,1795,1575,1485,44,95,29,265,425,168,1774,14,UEFA,0,1913,1723,1637,73,53,29,380,297,155,-64,5,0,0.2619047619047619,0.47096774193548385,1.5773809523809523,2.4516129032258065
WC-1938,round of 16,not applicable,0,1,1938-06-05,France,Belgium,3,1,2,-2,0,0,0-0,0,0,2,1,0,0,1938,1641,32,UEFA,0,1655,1581,1514,46,93,16,268,482,155,1542,45,UEFA,0,1930,1723,1503,62,92,31,364,469,185,99,-13,2,0.2967741935483871,0.33513513513513515,1.729032258064516,1.9675675675675677
WC-1938,round of 16,not applicable,0,1,1938-06-09,Switzerland,Germany,4,2,2,-2,0,0,0-0,0,0,2,1,0,0,1938,1710,19,UEFA,0,1795,1575,1485,44,95,29,265,425,168,1774,14,UEFA,0,1913,1723,1637,73,53,29,380,297,155,-64,5,2,0.2619047619047619,0.47096774193548385,1.5773809523809523,2.4516129032258065
WC-1938,third-place match,not applicable,0,1,1938-06-19,Brazil,Sweden,4,2,2,-2,0,0,0-0,0,0,2,1,0,0,1938,1935,7,CONMEBOL,0,1939,1890,1805,29,21,9,119,100,59,1656,30,UEFA,0,1894,1712,1579,104,87,33,599,458,224,279,-23,2,0.4915254237288136,0.4642857142857143,2.016949152542373,2.674107142857143
WC-1950,group stage,Group 1,1,0,1950-06-24,Brazil,Mexico,4,0,4,-4,0,0,0-0,0,0,2,1,0,0,1950,2013,2,CONMEBOL,0,2066,1903,1805,60,36,19,292,191,115,1729,19,CONCACAF,1,1860,1720,1498,26,11,2,129,74,39,284,-17,4,0.5217391304347826,0.6666666666666666,2.5391304347826087,3.3076923076923075
WC-1950,group stage,Group 2,1,0,1950-06-25,Spain,United States,3,1,2,-2,0,0,0-0,0,0,2,1,0,0,1950,1868,12,UEFA,0,2036,1950,1867,48,19,17,194,110,84,1566,45,CONCACAF,1,1784,1688,1535,10,23,3,65,133,36,302,-33,2,0.5714285714285714,0.2777777777777778,2.3095238095238093,1.8055555555555556
WC-1950,group stage,Group 1,1,0,1950-06-28,Brazil,Switzerland,2,2,0,0,0,0,0-0,0,0,1,0,0,1,1950,2013,2,CONMEBOL,0,2066,1903,1805,60,36,19,292,191,115,1758,15,UEFA,0,1803,1623,1485,69,124,38,378,568,231,255,-13,0,0.5217391304347826,0.2987012987012987,2.5391304347826087,1.6363636363636365
WC-1950,group stage,Group 2,1,0,1950-06-29,United States,England,1,0,1,-1,0,0,0-0,0,0,2,1,0,0,1950,1566,45,CONCACAF,1,1784,1688,1535,10,23,3,65,133,36,1999,3,UEFA,0,2213,1998,1810,224,69,47,1134,419,340,-433,42,1,0.2777777777777778,0.6588235294117647,1.8055555555555556,3.335294117647059
WC-1950,group stage,Group 3,1,0,1950-06-29,Sweden,Paraguay,2,2,0,0,0,0,0-0,0,0,1,0,0,1,1950,1935,7,UEFA,0,2013,1737,1579,149,103,42,833,576,294,1850,13,CONMEBOL,0,1904,1749,1647,38,53,17,170,224,108,85,-6,0,0.5068027210884354,0.35185185185185186,2.8333333333333335,1.5740740740740742
WC-1950,group stage,Group 2,1,0,1950-07-02,Spain,England,1,0,1,-1,0,0,0-0,0,0,2,1,0,0,1950,1868,12,UEFA,0,2036,1950,1867,48,19,17,194,110,84,1999,3,UEFA,0,2213,1998,1810,224,69,47,1134,419,340,-131,9,1,0.5714285714285714,0.6588235294117647,2.3095238095238093,3.335294117647059
WC-1950,group stage,Group 1,1,0,1950-07-02,Switzerland,Mexico,2,1,1,-1,0,0,0-0,0,0,2,1,0,0,1950,1758,15,UEFA,0,1803,1623,1485,69,124,38,378,568,231,1729,19,CONCACAF,1,1860,1720,1498,26,11,2,129,74,39,29,-4,1,0.2987012987012987,0.6666666666666666,1.6363636363636365,3.3076923076923075
WC-1950,group stage,not applicable,1,0,1950-07-09,Brazil,Sweden,7,1,6,-6,0,0,0-0,0,0,2,1,0,0,1950,2013,2,CONMEBOL,0,2066,1903,1805,60,36,19,292,191,115,1935,7,UEFA,0,2013,1737,1579,149,103,42,833,576,294,78,-5,6,0.5217391304347826,0.5068027210884354,2.5391304347826087,2.8333333333333335
WC-1950,group stage,not applicable,1,0,1950-07-09,Uruguay,Spain,2,2,0,0,0,0,0-0,0,0,1,0,0,1,1950,1872,11,CONMEBOL,0,2104,1929,1718,124,100,49,519,412,273,1868,12,UEFA,0,2036,1950,1867,48,19,17,194,110,84,4,-1,0,0.4542124542124542,0.5714285714285714,1.901098901098901,2.3095238095238093
WC-1950,group stage,not applicable,1,0,1950-07-13,Brazil,Spain,6,1,5,-5,0,0,0-0,0,0,2,1,0,0,1950,2013,2,CONMEBOL,0,2066,1903,1805,60,36,19,292,191,115,1868,12,UEFA,0,2036,1950,1867,48,19,17,194,110,84,145,-10,5,0.5217391304347826,0.5714285714285714,2.5391304347826087,2.3095238095238093
WC-1950,group stage,not applicable,1,0,1950-07-13,Uruguay,Sweden,3,2,1,-1,0,0,0-0,0,0,2,1,0,0,1950,1872,11,CONMEBOL,0,2104,1929,1718,124,100,49,519,412,273,1935,7,UEFA,0,2013,1737,1579,149,103,42,833,576,294,-63,4,1,0.4542124542124542,0.5068027210884354,1.901098901098901,2.8333333333333335
WC-1950,group stage,not applicable,1,0,1950-07-16,Sweden,Spain,3,1,2,-2,0,0,0-0,0,0,2,1,0,0,1950,1935,7,UEFA,0,2013,1737,1579,149,103,42,833,576,294,1868,12,UEFA,0,2036,1950,1867,48,19,17,194,110,84,67,-5,2,0.5068027210884354,0.5714285714285714,2.8333333333333335,2.3095238095238093
WC-1950,group stage,not applicable,1,0,1950-07-16,Uruguay,Brazil,2,1,1,-1,0,0,0-0,0,0,2,1,0,0,1950,1872,11,CONMEBOL,0,2104,1929,1718,124,100,49,519,412,273,2013,2,CONMEBOL,0,2066,1903,1805,60,36,19,292,191,115,-141,9,1,0.4542124542124542,0.5217391304347826,1.901098901098901,2.5391304347826087
WC-1954,group stage,Group 1,1,0,1954-06-16,Brazil,Mexico,5,0,5,-5,0,0,0-0,0,0,2,1,0,0,1954,2011,4,CONMEBOL,0,2072,1914,1805,73,40,21,339,208,134,1659,27,CONCACAF,1,1860,1714,1498,31,17,2,155,97,50,352,-23,5,0.5447761194029851,0.62,2.529850746268657,3.1
WC-1954,group stage,Group 3,1,0,1954-06-16,Austria,Scotland,1,0,1,-1,0,0,0-0,0,0,2,1,0,0,1954,1949,6,UEFA,0,2070,1886,1785,122,87,51,623,489,260,1809,13,UEFA,0,2104,1962,1781,152,55,48,643,325,255,140,-7,1,0.46923076923076923,0.596078431372549,2.396153846153846,2.5215686274509803
WC-1954,group stage,Group 4,1,0,1954-06-17,England,Belgium,4,4,0,0,1,0,0-0,0,0,1,0,0,1,1954,2002,5,UEFA,0,2213,1998,1810,241,76,55,1214,478,372,1782,15,UEFA,0,1930,1681,1503,89,121,49,527,642,259,220,-10,0,0.6478494623655914,0.3436293436293436,3.263440860215054,2.034749034749035
WC-1954,group stage,Group 3,1,0,1954-06-19,Uruguay,Scotland,7,0,7,-7,0,0,0-0,0,0,2,1,0,0,1954,1941,7,CONMEBOL,0,2104,1925,1718,135,107,52,580,447,294,1809,13,UEFA,0,2104,1962,1781,152,55,48,643,325,255,132,-6,7,0.45918367346938777,0.596078431372549,1.9727891156462585,2.5215686274509803
WC-1954,group stage,Group 1,1,0,1954-06-19,France,Mexico,3,2,1,-1,0,0,0-0,0,0,2,1,0,0,1954,1805,14,UEFA,0,1809,1623,1514,78,119,28,414,604,225,1659,27,CONCACAF,1,1860,1714,1498,31,17,2,155,97,50,146,-13,1,0.3466666666666667,0.62,1.84,3.1
WC-1954,group stage,Group 2,1,0,1954-06-20,Turkey,South Korea,7,0,7,-7,0,0,0-0,0,0,2,1,0,0,1954,1641,35,UEFA,0,1667,1429,1358,23,39,11,139,177,73,1574,48,AFC,0,1766,1706,1574,11,5,4,63,60,20,67,-13,7,0.3150684931506849,0.55,1.904109589041096,3.15
WC-1954,group stage,Group 4,1,0,1954-06-20,England,Switzerland,2,0,2,-2,0,0,0-0,0,0,2,1,0,0,1954,2002,5,UEFA,0,2213,1998,1810,241,76,55,1214,478,372,1723,20,UEFA,0,1803,1630,1485,75,141,43,430,648,259,279,-15,2,0.6478494623655914,0.28957528957528955,3.263440860215054,1.6602316602316602
WC-1954,quarter-finals,not applicable,0,1,1954-06-26,Austria,Switzerland,7,5,2,-2,0,0,0-0,0,0,2,1,0,0,1954,1949,6,UEFA,0,2070,1886,1785,122,87,51,623,489,260,1723,20,UEFA,0,1803,1630,1485,75,141,43,430,648,259,226,-14,2,0.46923076923076923,0.28957528957528955,2.396153846153846,1.6602316602316602
WC-1954,quarter-finals,not applicable,0,1,1954-06-26,Uruguay,England,4,2,2,-2,0,0,0-0,0,0,2,1,0,0,1954,1941,7,CONMEBOL,0,2104,1925,1718,135,107,52,580,447,294,2002,5,UEFA,0,2213,1998,1810,241,76,55,1214,478,372,-61,2,2,0.45918367346938777,0.6478494623655914,1.9727891156462585,3.263440860215054
WC-1954,third-place match,not applicable,0,1,1954-07-03,Austria,Uruguay,3,1,2,-2,0,0,0-0,0,0,2,1,0,0,1954,1949,6,UEFA,0,2070,1886,1785,122,87,51,623,489,260,1941,7,CONMEBOL,0,2104,1925,1718,135,107,52,580,447,294,8,-1,2,0.46923076923076923,0.45918367346938777,2.396153846153846,1.9727891156462585
WC-1958,group stage,Group 3,1,0,1958-06-08,Sweden,Mexico,3,0,3,-3,0,0,0-0,0,0,2,1,0,0,1958,1903,8,UEFA,0,2013,1752,1579,185,122,60,1007,698,367,1723,25,CONCACAF,1,1860,1712,1498,37,21,6,181,114,64,180,-17,3,0.5040871934604905,0.578125,2.7438692098092643,2.828125
WC-1958,group stage,Group 2,1,0,1958-06-08,France,Paraguay,7,3,4,-4,0,0,0-0,0,0,2,1,0,0,1958,1938,4,UEFA,0,1965,1640,1514,94,126,37,492,653,257,1765,18,CONMEBOL,0,1956,1764,1647,53,71,29,247,310,153,173,-14,4,0.3657587548638132,0.3464052287581699,1.9143968871595332,1.6143790849673203
WC-1958,group stage,Group 4,1,0,1958-06-08,Brazil,Austria,3,0,3,-3,0,0,0-0,0,0,2,1,0,0,1958,2142,1,CONMEBOL,0,2142,1924,1805,105,49,33,452,260,187,1822,13,UEFA,0,2070,1887,1785,133,99,59,685,551,291,320,-12,3,0.5614973262032086,0.4570446735395189,2.4171122994652405,2.3539518900343643
WC-1958,group stage,Group 2,1,0,1958-06-11,Paraguay,Scotland,3,2,1,-1,0,0,0-0,0,0,2,1,0,0,1958,1765,18,CONMEBOL,0,1956,1764,1647,53,71,29,247,310,153,1809,14,UEFA,0,2104,1956,1770,163,63,57,693,372,283,-44,4,1,0.3464052287581699,0.5759717314487632,1.6143790849673203,2.4487632508833923
WC-1958,group stage,Group 4,1,0,1958-06-11,Brazil,England,0,0,0,0,0,0,0-0,0,0,1,0,0,1,1958,2142,1,CONMEBOL,0,2142,1924,1805,105,49,33,452,260,187,1950,3,UEFA,0,2213,1997,1810,259,82,66,1304,522,407,192,-2,0,0.5614973262032086,0.6363636363636364,2.4171122994652405,3.203931203931204
WC-1958,group stage,Group 2,1,0,1958-06-15,France,Scotland,2,1,1,-1,0,0,0-0,0,0,2,1,0,0,1958,1938,4,UEFA,0,1965,1640,1514,94,126,37,492,653,257,1809,14,UEFA,0,2104,1956,1770,163,63,57,693,372,283,129,-10,1,0.3657587548638132,0.5759717314487632,1.9143968871595332,2.4487632508833923
WC-1958,group stage,Group 4,1,0,1958-06-15,England,Austria,2,2,0,0,0,0,0-0,0,0,1,0,0,1,1958,1950,3,UEFA,0,2213,1997,1810,259,82,66,1304,522,407,1822,13,UEFA,0,2070,1887,1785,133,99,59,685,551,291,128,-10,0,0.6363636363636364,0.4570446735395189,3.203931203931204,2.3539518900343643
WC-1958,semi-finals,not applicable,0,1,1958-06-24,Brazil,France,5,2,3,-3,0,0,0-0,0,0,2,1,0,0,1958,2142,1,CONMEBOL,0,2142,1924,1805,105,49,33,452,260,187,1938,4,UEFA,0,1965,1640,1514,94,126,37,492,653,257,204,-3,3,0.5614973262032086,0.3657587548638132,2.4171122994652405,1.9143968871595332
WC-1958,final,not applicable,0,1,1958-06-29,Brazil,Sweden,5,2,3,-3,0,0,0-0,0,0,2,1,0,0,1958,2142,1,CONMEBOL,0,2142,1924,1805,105,49,33,452,260,187,1903,8,UEFA,0,2013,1752,1579,185,122,60,1007,698,367,239,-7,3,0.5614973262032086,0.5040871934604905,2.4171122994652405,2.7438692098092643
WC-1962,group stage,Group 1,1,0,1962-05-30,Uruguay,Colombia,2,1,1,-1,0,0,0-0,0,0,2,1,0,0,1962,1857,13,CONMEBOL,0,2104,1923,1718,162,129,65,689,553,356,1458,80,CONMEBOL,0,1495,1356,1304,14,32,9,74,144,55,399,-67,1,0.4550561797752809,0.2545454545454545,1.9353932584269662,1.3454545454545455
WC-1962,group stage,Group 3,1,0,1962-05-30,Brazil,Mexico,2,0,2,-2,0,0,0-0,0,0,2,1,0,0,1962,2195,1,CONMEBOL,0,2195,1939,1805,141,55,37,570,308,233,1848,15,CONCACAF,1,1860,1721,1498,51,30,13,231,153,94,347,-14,2,0.6051502145922747,0.5425531914893617,2.4463519313304722,2.4574468085106385
WC-1962,group stage,Group 4,1,0,1962-06-02,England,Argentina,3,1,2,-2,0,0,0-0,0,0,2,1,0,0,1962,1942,6,UEFA,0,2213,1994,1810,277,92,75,1402,576,444,1961,5,CONMEBOL,0,2159,2018,1855,220,86,80,849,465,386,-19,1,2,0.6238738738738738,0.5699481865284974,3.1576576576576576,2.199481865284974
WC-1962,group stage,Group 3,1,0,1962-06-03,Spain,Mexico,1,0,1,-1,0,0,0-0,0,0,2,1,0,0,1962,1896,10,UEFA,0,2036,1930,1805,76,34,31,325,189,141,1848,15,CONCACAF,1,1860,1721,1498,51,30,13,231,153,94,48,-5,1,0.5390070921985816,0.5425531914893617,2.3049645390070923,2.4574468085106385
WC-1962,group stage,Group 3,1,0,1962-06-06,Brazil,Spain,2,1,1,-1,0,0,0-0,0,0,2,1,0,0,1962,2195,1,CONMEBOL,0,2195,1939,1805,141,55,37,570,308,233,1896,10,UEFA,0,2036,1930,1805,76,34,31,325,189,141,299,-9,1,0.6051502145922747,0.5390070921985816,2.4463519313304722,2.3049645390070923
WC-1962,quarter-finals,not applicable,0,1,1962-06-10,Brazil,England,3,1,2,-2,0,0,0-0,0,0,2,1,0,0,1962,2195,1,CONMEBOL,0,2195,1939,1805,141,55,37,570,308,233,1942,6,UEFA,0,2213,1994,1810,277,92,75,1402,576,444,253,-5,2,0.6051502145922747,0.6238738738738738,2.4463519313304722,3.1576576576576576
WC-1966,group stage,Group 1,1,0,1966-07-11,England,Uruguay,0,0,0,0,0,0,0-0,0,0,1,0,0,1,1966,2091,1,UEFA,0,2213,1993,1810,307,98,85,1513,628,490,1846,12,CONMEBOL,0,2104,1919,1718,173,139,72,724,588,384,245,-11,0,0.6265306122448979,0.4505208333333333,3.0877551020408163,1.8854166666666667
WC-1966,group stage,Group 1,1,0,1966-07-13,France,Mexico,1,1,0,0,0,0,0-0,0,0,1,0,0,1,1966,1740,27,UEFA,0,1965,1662,1514,111,153,49,583,747,313,1843,13,CONCACAF,1,1904,1731,1498,65,34,20,285,174,119,-103,14,0,0.3546325878594249,0.5462184873949579,1.8626198083067094,2.3949579831932772
WC-1966,group stage,Group 2,1,0,1966-07-13,Argentina,Spain,2,1,1,-1,0,0,0-0,0,0,2,1,0,0,1966,1984,3,CONMEBOL,0,2159,2015,1855,236,93,89,912,500,418,1867,10,UEFA,0,2036,1926,1805,85,41,36,354,213,162,117,-7,1,0.5645933014354066,0.5246913580246914,2.1818181818181817,2.185185185185185
WC-1966,group stage,Group 1,1,0,1966-07-15,Uruguay,France,2,1,1,-1,0,0,0-0,0,0,2,1,0,0,1966,1846,12,CONMEBOL,0,2104,1919,1718,173,139,72,724,588,384,1740,27,UEFA,0,1965,1662,1514,111,153,49,583,747,313,106,-15,1,0.4505208333333333,0.3546325878594249,1.8854166666666667,1.8626198083067094
WC-1966,group stage,Group 2,1,0,1966-07-15,Spain,Switzerland,2,1,1,-1,0,0,0-0,0,0,2,1,0,0,1966,1867,10,UEFA,0,2036,1926,1805,85,41,36,354,213,162,1605,45,UEFA,0,1803,1630,1485,92,186,54,535,827,332,262,-35,1,0.5246913580246914,0.27710843373493976,2.185185185185185,1.6114457831325302
WC-1966,group stage,Group 1,1,0,1966-07-16,England,Mexico,2,0,2,-2,0,0,0-0,0,0,2,1,0,0,1966,2091,1,UEFA,0,2213,1993,1810,307,98,85,1513,628,490,1843,13,CONCACAF,1,1904,1731,1498,65,34,20,285,174,119,248,-12,2,0.6265306122448979,0.5462184873949579,3.0877551020408163,2.3949579831932772
WC-1966,group stage,Group 1,1,0,1966-07-19,Mexico,Uruguay,0,0,0,0,0,0,0-0,0,0,1,0,0,1,1966,1843,13,CONCACAF,1,1904,1731,1498,65,34,20,285,174,119,1846,12,CONMEBOL,0,2104,1919,1718,173,139,72,724,588,384,-3,1,0,0.5462184873949579,0.4505208333333333,2.3949579831932772,1.8854166666666667
WC-1966,group stage,Group 2,1,0,1966-07-19,Argentina,Switzerland,2,0,2,-2,0,0,0-0,0,0,2,1,0,0,1966,1984,3,CONMEBOL,0,2159,2015,1855,236,93,89,912,500,418,1605,45,UEFA,0,1803,1630,1485,92,186,54,535,827,332,379,-42,2,0.5645933014354066,0.27710843373493976,2.1818181818181817,1.6114457831325302
WC-1966,group stage,Group 3,1,0,1966-07-19,Portugal,Brazil,3,1,2,-2,0,0,0-0,0,0,2,1,0,0,1966,1983,4,UEFA,0,2018,1684,1624,48,71,22,215,282,141,1919,8,CONMEBOL,0,2195,1941,1805,168,67,46,671,372,281,64,-4,2,0.3404255319148936,0.597864768683274,1.524822695035461,2.3879003558718863
WC-1966,group stage,Group 1,1,0,1966-07-20,England,France,2,0,2,-2,0,0,0-0,0,0,2,1,0,0,1966,2091,1,UEFA,0,2213,1993,1810,307,98,85,1513,628,490,1740,27,UEFA,0,1965,1662,1514,111,153,49,583,747,313,351,-26,2,0.6265306122448979,0.3546325878594249,3.0877551020408163,1.8626198083067094
WC-1966,quarter-finals,not applicable,0,1,1966-07-23,England,Argentina,1,0,1,-1,0,0,0-0,0,0,2,1,0,0,1966,2091,1,UEFA,0,2213,1993,1810,307,98,85,1513,628,490,1984,3,CONMEBOL,0,2159,2015,1855,236,93,89,912,500,418,107,-2,1,0.6265306122448979,0.5645933014354066,3.0877551020408163,2.1818181818181817
WC-1966,semi-finals,not applicable,0,1,1966-07-26,England,Portugal,2,1,1,-1,0,0,0-0,0,0,2,1,0,0,1966,2091,1,UEFA,0,2213,1993,1810,307,98,85,1513,628,490,1983,4,UEFA,0,2018,1684,1624,48,71,22,215,282,141,108,-3,1,0.6265306122448979,0.3404255319148936,3.0877551020408163,1.524822695035461
WC-1970,group stage,Group 3,1,0,1970-06-07,Brazil,England,1,0,1,-1,0,0,0-0,0,0,2,1,0,0,1970,2178,1,CONMEBOL,0,2195,1946,1805,203,73,53,793,421,329,2041,2,UEFA,0,2213,1996,1810,330,104,94,1579,654,528,137,-1,1,0.6170212765957447,0.625,2.4103343465045595,2.990530303030303
WC-1970,group stage,Group 2,1,0,1970-06-10,Sweden,Uruguay,1,0,1,-1,0,0,0-0,0,0,2,1,0,0,1970,1850,12,UEFA,0,2013,1770,1579,244,148,84,1223,819,476,1864,8,CONMEBOL,0,2104,1916,1718,188,149,82,767,622,419,-14,4,1,0.5126050420168067,0.4486873508353222,2.569327731092437,1.8305489260143197
WC-1970,group stage,Group 1,1,0,1970-06-11,Mexico,Belgium,1,0,1,-1,0,0,0-0,0,0,2,1,0,0,1970,1732,29,CONCACAF,1,1904,1737,1498,94,55,38,376,240,187,1742,25,UEFA,0,1930,1687,1503,131,170,65,702,831,366,-10,4,1,0.5026737967914439,0.35792349726775957,2.0106951871657754,1.9180327868852458
WC-1970,semi-finals,not applicable,0,1,1970-06-17,Brazil,Uruguay,3,1,2,-2,0,0,0-0,0,0,2,1,0,0,1970,2178,1,CONMEBOL,0,2195,1946,1805,203,73,53,793,421,329,1864,8,CONMEBOL,0,2104,1916,1718,188,149,82,767,622,419,314,-7,2,0.6170212765957447,0.4486873508353222,2.4103343465045595,1.8305489260143197
WC-1974,group stage,Group 3,1,0,1974-06-15,Uruguay,Netherlands,0,2,-2,2,0,0,0-0,0,0,0,0,1,0,1974,1703,30,CONMEBOL,0,2104,1909,1703,197,161,93,795,656,451,2091,2,UEFA,0,2091,1753,1553,162,132,69,824,673,363,-388,28,-2,0.43680709534368073,0.4462809917355372,1.762749445676275,2.2699724517906334
WC-1974,group stage,Group 2,1,0,1974-06-18,Scotland,Brazil,0,0,0,0,0,0,0-0,0,0,1,0,0,1,1974,1880,11,UEFA,0,2104,1939,1727,216,107,79,900,539,402,2036,3,CONMEBOL,0,2195,1958,1805,225,77,65,847,443,367,-156,8,0,0.5373134328358209,0.6130790190735694,2.2388059701492535,2.3079019073569484
WC-1974,group stage,Group 3,1,0,1974-06-19,Netherlands,Sweden,0,0,0,0,0,0,0-0,0,0,1,0,0,1,1974,2091,2,UEFA,0,2091,1753,1553,162,132,69,824,673,363,1836,18,UEFA,0,2013,1775,1579,263,160,94,1283,869,517,255,-16,0,0.4462809917355372,0.5087040618955513,2.2699724517906334,2.481624758220503
WC-1974,group stage,Group 3,1,0,1974-06-23,Sweden,Uruguay,3,0,3,-3,0,0,0-0,0,0,2,1,0,0,1974,1836,18,UEFA,0,2013,1775,1579,263,160,94,1283,869,517,1703,30,CONMEBOL,0,2104,1909,1703,197,161,93,795,656,451,133,-12,3,0.5087040618955513,0.43680709534368073,2.481624758220503,1.762749445676275
WC-1974,group stage,Group 4,1,0,1974-06-23,Argentina,Haiti,4,1,3,-3,0,0,0-0,0,0,2,1,0,0,1974,1858,15,CONMEBOL,0,2159,2001,1816,267,116,114,1033,603,497,1548,53,CONCACAF,0,1641,1385,1265,83,61,30,326,261,174,310,-38,3,0.5372233400402414,0.47701149425287354,2.078470824949698,1.8735632183908046
WC-1974,group stage,Group A,1,0,1974-06-26,Netherlands,Argentina,4,0,4,-4,0,0,0-0,0,0,2,1,0,0,1974,2091,2,UEFA,0,2091,1753,1553,162,132,69,824,673,363,1858,15,CONMEBOL,0,2159,2001,1816,267,116,114,1033,603,497,233,-13,4,0.4462809917355372,0.5372233400402414,2.2699724517906334,2.078470824949698
WC-1974,group stage,Group A,1,0,1974-06-30,Argentina,Brazil,1,2,-1,1,0,0,0-0,0,0,0,0,1,0,1974,1858,15,CONMEBOL,0,2159,2001,1816,267,116,114,1033,603,497,2036,3,CONMEBOL,0,2195,1958,1805,225,77,65,847,443,367,-178,12,-1,0.5372233400402414,0.6130790190735694,2.078470824949698,2.3079019073569484
WC-1974,group stage,Group A,1,0,1974-07-03,Netherlands,Brazil,2,0,2,-2,0,0,0-0,0,0,2,1,0,0,1974,2091,2,UEFA,0,2091,1753,1553,162,132,69,824,673,363,2036,3,CONMEBOL,0,2195,1958,1805,225,77,65,847,443,367,55,-1,2,0.4462809917355372,0.6130790190735694,2.2699724517906334,2.3079019073569484
WC-1978,group stage,Group 2,1,0,1978-06-02,Tunisia,Mexico,3,1,2,-2,0,0,0-0,0,0,2,1,0,0,1978,1716,29,CAF,0,1734,1628,1464,72,71,55,290,299,198,1700,33,CONCACAF,1,1904,1739,1498,131,78,53,499,321,262,16,-4,2,0.36363636363636365,0.5,1.4646464646464648,1.9045801526717556
WC-1978,group stage,Group 3,1,0,1978-06-03,Austria,Spain,2,1,1,-1,0,0,0-0,0,0,2,1,0,0,1978,1892,13,UEFA,0,2070,1865,1674,192,158,89,899,762,439,1963,7,UEFA,0,2036,1918,1805,120,56,57,455,268,233,-71,6,1,0.43735763097949887,0.5150214592274678,2.0478359908883825,1.9527896995708154
WC-1978,group stage,Group 3,1,0,1978-06-03,Brazil,Sweden,1,1,0,0,0,0,0-0,0,0,1,0,0,1,1978,2143,1,CONMEBOL,0,2195,1965,1805,253,79,76,928,463,408,1741,25,UEFA,0,2013,1776,1579,279,175,101,1335,912,555,402,-24,0,0.6200980392156863,0.5027027027027027,2.2745098039215685,2.4054054054054053
WC-1978,group stage,Group 4,1,0,1978-06-03,Netherlands,Iran,3,0,3,-3,0,0,0-0,0,0,2,1,0,0,1978,2069,2,UEFA,0,2109,1769,1553,182,140,74,889,708,396,1741,25,AFC,0,1803,1584,1450,66,36,24,204,123,126,328,-23,3,0.4595959595959596,0.5238095238095238,2.244949494949495,1.619047619047619
WC-1978,group stage,Group 1,1,0,1978-06-06,Argentina,France,2,1,1,-1,0,0,0-0,0,0,2,1,0,0,1978,2041,3,CONMEBOL,0,2159,1996,1816,296,125,122,1131,644,543,1895,12,UEFA,0,1965,1681,1514,145,179,69,704,848,393,146,-9,1,0.5451197053406999,0.36895674300254455,2.0828729281767955,1.7913486005089059
WC-1978,group stage,Group 3,1,0,1978-06-07,Austria,Sweden,1,0,1,-1,0,0,0-0,0,0,2,1,0,0,1978,1892,13,UEFA,0,2070,1865,1674,192,158,89,899,762,439,1741,25,UEFA,0,2013,1776,1579,279,175,101,1335,912,555,151,-12,1,0.43735763097949887,0.5027027027027027,2.0478359908883825,2.4054054054054053
WC-1978,group stage,Group 3,1,0,1978-06-07,Brazil,Spain,0,0,0,0,0,0,0-0,0,0,1,0,0,1,1978,2143,1,CONMEBOL,0,2195,1965,1805,253,79,76,928,463,408,1963,7,UEFA,0,2036,1918,1805,120,56,57,455,268,233,180,-6,0,0.6200980392156863,0.5150214592274678,2.2745098039215685,1.9527896995708154
WC-1978,group stage,Group 4,1,0,1978-06-07,Scotland,Iran,1,1,0,0,0,0,0-0,0,0,1,0,0,1,1978,1887,15,UEFA,0,2104,1939,1727,235,115,89,963,580,439,1741,25,AFC,0,1803,1584,1450,66,36,24,204,123,126,146,-10,0,0.5353075170842825,0.5238095238095238,2.193621867881549,1.619047619047619
WC-1978,group stage,Group 3,1,0,1978-06-11,Brazil,Austria,1,0,1,-1,0,0,0-0,0,0,2,1,0,0,1978,2143,1,CONMEBOL,0,2195,1965,1805,253,79,76,928,463,408,1892,13,UEFA,0,2070,1865,1674,192,158,89,899,762,439,251,-12,1,0.6200980392156863,0.43735763097949887,2.2745098039215685,2.0478359908883825
WC-1978,group stage,Group 3,1,0,1978-06-11,Spain,Sweden,1,0,1,-1,0,0,0-0,0,0,2,1,0,0,1978,1963,7,UEFA,0,2036,1918,1805,120,56,57,455,268,233,1741,25,UEFA,0,2013,1776,1579,279,175,101,1335,912,555,222,-18,1,0.5150214592274678,0.5027027027027027,1.9527896995708154,2.4054054054054053
WC-1978,group stage,Group 4,1,0,1978-06-11,Scotland,Netherlands,3,2,1,-1,0,0,0-0,0,0,2,1,0,0,1978,1887,15,UEFA,0,2104,1939,1727,235,115,89,963,580,439,2069,2,UEFA,0,2109,1769,1553,182,140,74,889,708,396,-182,13,1,0.5353075170842825,0.4595959595959596,2.193621867881549,2.244949494949495
WC-1978,group stage,Group A,1,0,1978-06-14,Austria,Netherlands,1,5,-4,4,0,0,0-0,0,0,0,0,1,0,1978,1892,13,UEFA,0,2070,1865,1674,192,158,89,899,762,439,2069,2,UEFA,0,2109,1769,1553,182,140,74,889,708,396,-177,11,-4,0.43735763097949887,0.4595959595959596,2.0478359908883825,2.244949494949495
WC-1978,group stage,Group B,1,0,1978-06-18,Argentina,Brazil,0,0,0,0,0,0,0-0,0,0,1,0,0,1,1978,2041,3,CONMEBOL,0,2159,1996,1816,296,125,122,1131,644,543,2143,1,CONMEBOL,0,2195,1965,1805,253,79,76,928,463,408,-102,2,0,0.5451197053406999,0.6200980392156863,2.0828729281767955,2.2745098039215685
WC-1978,final,not applicable,0,1,1978-06-25,Argentina,Netherlands,3,1,2,-2,1,0,0-0,0,0,2,1,0,0,1978,2041,3,CONMEBOL,0,2159,1996,1816,296,125,122,1131,644,543,2069,2,UEFA,0,2109,1769,1553,182,140,74,889,708,396,-28,1,2,0.5451197053406999,0.4595959595959596,2.0828729281767955,2.244949494949495
WC-1982,group stage,Group 3,1,0,1982-06-13,Argentina,Belgium,0,1,-1,1,0,0,0-0,0,0,0,0,1,0,1982,1942,7,CONMEBOL,0,2159,1996,1816,310,134,133,1186,683,577,1903,10,UEFA,0,1961,1714,1503,174,190,82,817,894,446,39,-3,-1,0.537261698440208,0.3901345291479821,2.0554592720970537,1.8318385650224216
WC-1982,group stage,Group 6,1,0,1982-06-15,Scotland,New Zealand,5,2,3,-3,0,0,0-0,0,0,2,1,0,0,1982,1831,17,UEFA,0,2104,1935,1727,249,131,96,1007,629,476,1561,57,OFC,0,1609,1482,1334,63,57,26,307,281,146,270,-40,3,0.523109243697479,0.4315068493150685,2.115546218487395,2.1027397260273974
WC-1982,group stage,Group 4,1,0,1982-06-16,England,France,3,1,2,-2,0,0,0-0,0,0,2,1,0,0,1982,2020,2,UEFA,0,2213,1995,1810,398,128,126,1794,749,652,1922,8,UEFA,0,1965,1693,1514,163,192,73,773,889,428,98,-6,2,0.6104294478527608,0.3808411214953271,2.7515337423312882,1.8060747663551402
WC-1982,group stage,Group 6,1,0,1982-06-18,Brazil,Scotland,4,1,3,-3,0,0,0-0,0,0,2,1,0,0,1982,2115,1,CONMEBOL,0,2195,1972,1805,283,84,84,1033,498,451,1831,17,UEFA,0,2104,1935,1727,249,131,96,1007,629,476,284,-16,3,0.6274944567627494,0.523109243697479,2.2904656319290466,2.115546218487395
WC-1982,group stage,Group 2,1,0,1982-06-21,Algeria,Austria,0,2,-2,2,0,0,0-0,0,0,0,0,1,0,1982,1723,30,CAF,0,1773,1647,1500,79,65,42,284,220,186,1911,9,UEFA,0,2070,1867,1674,211,164,96,958,790,471,-188,21,-2,0.42473118279569894,0.44798301486199577,1.5268817204301075,2.0339702760084926
WC-1982,group stage,Group 6,1,0,1982-06-23,Brazil,New Zealand,4,0,4,-4,0,0,0-0,0,0,2,1,0,0,1982,2115,1,CONMEBOL,0,2195,1972,1805,283,84,84,1033,498,451,1561,57,OFC,0,1609,1482,1334,63,57,26,307,281,146,554,-56,4,0.6274944567627494,0.4315068493150685,2.2904656319290466,2.1027397260273974
WC-1982,group stage,Group 4,1,0,1982-06-28,Austria,France,0,1,-1,1,0,0,0-0,0,0,0,0,1,0,1982,1911,9,UEFA,0,2070,1867,1674,211,164,96,958,790,471,1922,8,UEFA,0,1965,1693,1514,163,192,73,773,889,428,-11,1,-1,0.44798301486199577,0.3808411214953271,2.0339702760084926,1.8060747663551402
WC-1982,group stage,Group 3,1,0,1982-07-02,Argentina,Brazil,1,3,-2,2,0,0,0-0,0,0,0,0,1,0,1982,1942,7,CONMEBOL,0,2159,1996,1816,310,134,133,1186,683,577,2115,1,CONMEBOL,0,2195,1972,1805,283,84,84,1033,498,451,-173,6,-2,0.537261698440208,0.6274944567627494,2.0554592720970537,2.2904656319290466
WC-1982,group stage,Group 2,1,0,1982-07-05,Spain,England,0,0,0,0,0,0,0-0,0,0,1,0,0,1,1982,1838,16,UEFA,0,2036,1916,1805,133,69,71,504,313,273,2020,2,UEFA,0,2213,1995,1810,398,128,126,1794,749,652,-182,14,0,0.48717948717948717,0.6104294478527608,1.8461538461538463,2.7515337423312882
WC-1986,group stage,Group D,1,0,1986-06-01,Spain,Brazil,0,1,-1,1,0,0,0-0,0,0,0,0,1,0,1986,1995,3,UEFA,0,2036,1914,1805,157,76,81,578,345,314,2017,2,CONMEBOL,0,2195,1973,1805,303,92,96,1096,530,491,-22,1,-1,0.5,0.6171079429735234,1.8407643312101911,2.2321792260692463
WC-1986,group stage,Group C,1,0,1986-06-01,Canada,France,0,1,-1,1,0,0,0-0,0,0,0,0,1,0,1986,1574,55,CONCACAF,1,1672,1597,1470,38,53,29,130,189,120,1941,7,UEFA,0,2061,1707,1514,186,198,83,843,914,467,-367,48,-1,0.31666666666666665,0.39828693790149894,1.0833333333333333,1.8051391862955033
WC-1986,group stage,Group A,1,0,1986-06-02,Argentina,South Korea,3,1,2,-2,0,0,0-0,0,0,2,1,0,0,1986,2039,1,CONMEBOL,0,2159,1993,1816,328,143,148,1244,719,619,1638,41,AFC,0,1835,1655,1445,273,87,96,927,433,456,401,-40,2,0.529886914378029,0.5986842105263158,2.009693053311793,2.0328947368421053
WC-1986,group stage,Group B,1,0,1986-06-03,Belgium,Mexico,1,2,-1,1,0,0,0-0,0,0,0,0,1,0,1986,1802,18,UEFA,0,1961,1721,1503,186,202,92,865,944,480,1876,12,CONCACAF,1,1904,1738,1498,171,92,81,624,393,344,-74,6,-1,0.3875,0.49709302325581395,1.8020833333333333,1.813953488372093
WC-1986,group stage,Group F,1,0,1986-06-03,Portugal,England,1,0,1,-1,0,0,0-0,0,0,2,1,0,0,1986,1761,27,UEFA,0,2018,1733,1624,99,113,49,369,431,261,1978,5,UEFA,0,2213,1994,1810,425,139,137,1875,774,701,-217,22,1,0.3793103448275862,0.6062767475035663,1.4137931034482758,2.674750356633381
WC-1986,group stage,Group B,1,0,1986-06-04,Paraguay,Iraq,1,0,1,-1,0,0,0-0,0,0,2,1,0,0,1986,1800,19,CONMEBOL,0,1956,1753,1619,122,149,83,509,599,354,1548,63,AFC,0,1740,1643,1501,141,59,68,472,223,268,252,-44,1,0.3446327683615819,0.5261194029850746,1.4378531073446328,1.7611940298507462
WC-1986,group stage,Group D,1,0,1986-06-06,Brazil,Algeria,1,0,1,-1,0,0,0-0,0,0,2,1,0,0,1986,2017,2,CONMEBOL,0,2195,1973,1805,303,92,96,1096,530,491,1625,46,CAF,0,1773,1649,1500,101,85,59,371,290,245,392,-44,1,0.6171079429735234,0.4122448979591837,2.2321792260692463,1.5142857142857142
WC-1986,group stage,Group F,1,0,1986-06-06,England,Morocco,0,0,0,0,0,0,0-0,0,0,1,0,0,1,1986,1978,5,UEFA,0,2213,1994,1810,425,139,137,1875,774,701,1722,32,CAF,0,1807,1663,1527,126,76,76,406,307,278,256,-27,0,0.6062767475035663,0.45323741007194246,2.674750356633381,1.460431654676259
WC-1986,group stage,Group B,1,0,1986-06-07,Mexico,Paraguay,1,1,0,0,0,0,0-0,0,0,1,0,0,1,1986,1876,12,CONCACAF,1,1904,1738,1498,171,92,81,624,393,344,1800,19,CONMEBOL,0,1956,1753,1619,122,149,83,509,599,354,76,-7,0,0.49709302325581395,0.3446327683615819,1.813953488372093,1.4378531073446328
WC-1986,group stage,Group B,1,0,1986-06-08,Iraq,Belgium,1,2,-1,1,0,0,0-0,0,0,0,0,1,0,1986,1548,63,AFC,0,1740,1643,1501,141,59,68,472,223,268,1802,18,UEFA,0,1961,1721,1503,186,202,92,865,944,480,-254,45,-1,0.5261194029850746,0.3875,1.7611940298507462,1.8020833333333333
WC-1986,group stage,Group B,1,0,1986-06-11,Iraq,Mexico,0,1,-1,1,0,0,0-0,0,0,0,0,1,0,1986,1548,63,AFC,0,1740,1643,1501,141,59,68,472,223,268,1876,12,CONCACAF,1,1904,1738,1498,171,92,81,624,393,344,-328,51,-1,0.5261194029850746,0.49709302325581395,1.7611940298507462,1.813953488372093
WC-1986,group stage,Group B,1,0,1986-06-11,Paraguay,Belgium,2,2,0,0,0,0,0-0,0,0,1,0,0,1,1986,1800,19,CONMEBOL,0,1956,1753,1619,122,149,83,509,599,354,1802,18,UEFA,0,1961,1721,1503,186,202,92,865,944,480,-2,1,0,0.3446327683615819,0.3875,1.4378531073446328,1.8020833333333333
WC-1986,group stage,Group F,1,0,1986-06-11,Portugal,Morocco,1,3,-2,2,0,0,0-0,0,0,0,0,1,0,1986,1761,27,UEFA,0,2018,1733,1624,99,113,49,369,431,261,1722,32,CAF,0,1807,1663,1527,126,76,76,406,307,278,39,-5,-2,0.3793103448275862,0.45323741007194246,1.4137931034482758,1.460431654676259
WC-1986,group stage,Group D,1,0,1986-06-12,Algeria,Spain,0,3,-3,3,0,0,0-0,0,0,0,0,1,0,1986,1625,46,CAF,0,1773,1649,1500,101,85,59,371,290,245,1995,3,UEFA,0,2036,1914,1805,157,76,81,578,345,314,-370,43,-3,0.4122448979591837,0.5,1.5142857142857142,1.8407643312101911
WC-1986,group stage,Group E,1,0,1986-06-13,Scotland,Uruguay,0,0,0,0,0,0,0-0,0,0,1,0,0,1,1986,1815,17,UEFA,0,2104,1932,1727,264,140,108,1057,658,512,1778,24,CONMEBOL,0,2104,1887,1636,241,195,130,941,778,566,37,-7,0,0.515625,0.42579505300353354,2.064453125,1.6625441696113075
WC-1986,round of 16,not applicable,0,1,1986-06-16,Argentina,Uruguay,1,0,1,-1,0,0,0-0,0,0,2,1,0,0,1986,2039,1,CONMEBOL,0,2159,1993,1816,328,143,148,1244,719,619,1778,24,CONMEBOL,0,2104,1887,1636,241,195,130,941,778,566,261,-23,1,0.529886914378029,0.42579505300353354,2.009693053311793,1.6625441696113075
WC-1986,round of 16,not applicable,0,1,1986-06-18,England,Paraguay,3,0,3,-3,0,0,0-0,0,0,2,1,0,0,1986,1978,5,UEFA,0,2213,1994,1810,425,139,137,1875,774,701,1800,19,CONMEBOL,0,1956,1753,1619,122,149,83,509,599,354,178,-14,3,0.6062767475035663,0.3446327683615819,2.674750356633381,1.4378531073446328
WC-1986,quarter-finals,not applicable,0,1,1986-06-21,Brazil,France,1,1,0,0,1,1,34,3,4,0,0,1,0,1986,2017,2,CONMEBOL,0,2195,1973,1805,303,92,96,1096,530,491,1941,7,UEFA,0,2061,1707,1514,186,198,83,843,914,467,76,-5,0,0.6171079429735234,0.39828693790149894,2.2321792260692463,1.8051391862955033
WC-1986,quarter-finals,not applicable,0,1,1986-06-22,Argentina,England,2,1,1,-1,0,0,0-0,0,0,2,1,0,0,1986,2039,1,CONMEBOL,0,2159,1993,1816,328,143,148,1244,719,619,1978,5,UEFA,0,2213,1994,1810,425,139,137,1875,774,701,61,-4,1,0.529886914378029,0.6062767475035663,2.009693053311793,2.674750356633381
WC-1986,quarter-finals,not applicable,0,1,1986-06-22,Spain,Belgium,1,1,0,0,1,1,45,4,5,0,0,1,0,1986,1995,3,UEFA,0,2036,1914,1805,157,76,81,578,345,314,1802,18,UEFA,0,1961,1721,1503,186,202,92,865,944,480,193,-15,0,0.5,0.3875,1.8407643312101911,1.8020833333333333
WC-1986,semi-finals,not applicable,0,1,1986-06-25,Argentina,Belgium,2,0,2,-2,0,0,0-0,0,0,2,1,0,0,1986,2039,1,CONMEBOL,0,2159,1993,1816,328,143,148,1244,719,619,1802,18,UEFA,0,1961,1721,1503,186,202,92,865,944,480,237,-17,2,0.529886914378029,0.3875,2.009693053311793,1.8020833333333333
WC-1986,third-place match,not applicable,0,1,1986-06-28,Belgium,France,2,4,-2,2,1,0,0-0,0,0,0,0,1,0,1986,1802,18,UEFA,0,1961,1721,1503,186,202,92,865,944,480,1941,7,UEFA,0,2061,1707,1514,186,198,83,843,914,467,-139,11,-2,0.3875,0.39828693790149894,1.8020833333333333,1.8051391862955033
WC-1990,group stage,Group C,1,0,1990-06-10,Brazil,Sweden,2,1,1,-1,0,0,0-0,0,0,2,1,0,0,1990,1957,5,CONMEBOL,0,2195,1974,1805,334,100,110,1180,566,544,1824,17,UEFA,0,2013,1782,1579,334,211,130,1519,1034,675,133,-12,1,0.6139705882352942,0.4948148148148148,2.1691176470588234,2.2503703703703706
WC-1990,group stage,Group E,1,0,1990-06-12,Belgium,South Korea,2,0,2,-2,0,0,0-0,0,0,2,1,0,0,1990,1816,18,UEFA,0,1961,1726,1503,200,212,101,914,976,513,1719,31,AFC,0,1835,1657,1445,309,96,107,1028,465,512,97,-13,2,0.3898635477582846,0.603515625,1.7816764132553606,2.0078125
WC-1990,group stage,Group F,1,0,1990-06-12,Netherlands,Egypt,1,1,0,0,0,0,0-0,0,0,1,0,0,1,1990,1948,6,UEFA,0,2109,1793,1553,226,168,97,1036,787,491,1642,42,CAF,0,1872,1663,1527,180,106,94,700,483,380,306,-36,0,0.46028513238289204,0.47368421052631576,2.109979633401222,1.8421052631578947
WC-1990,group stage,Group E,1,0,1990-06-13,Uruguay,Spain,0,0,0,0,0,0,0-0,0,0,1,0,0,1,1990,1848,16,CONMEBOL,0,2104,1885,1636,262,206,138,998,811,606,1937,7,UEFA,0,2036,1915,1805,177,88,88,652,386,353,-89,9,0,0.43234323432343236,0.5014164305949008,1.646864686468647,1.8470254957507082
WC-1990,group stage,Group C,1,0,1990-06-16,Sweden,Scotland,1,2,-1,1,0,0,0-0,0,0,0,0,1,0,1990,1824,17,UEFA,0,2013,1782,1579,334,211,130,1519,1034,675,1775,23,UEFA,0,2104,1927,1697,277,152,118,1092,697,547,49,-6,-1,0.4948148148148148,0.506398537477148,2.2503703703703706,1.9963436928702012
WC-1990,group stage,Group F,1,0,1990-06-16,England,Netherlands,0,0,0,0,0,0,0-0,0,0,1,0,0,1,1990,1990,3,UEFA,0,2213,1993,1810,446,145,156,1941,807,747,1948,6,UEFA,0,2109,1793,1553,226,168,97,1036,787,491,42,-3,0,0.5970548862115127,0.46028513238289204,2.5983935742971886,2.109979633401222
WC-1990,group stage,Group E,1,0,1990-06-17,Belgium,Uruguay,3,1,2,-2,0,0,0-0,0,0,2,1,0,0,1990,1816,18,UEFA,0,1961,1726,1503,200,212,101,914,976,513,1848,16,CONMEBOL,0,2104,1885,1636,262,206,138,998,811,606,-32,2,2,0.3898635477582846,0.43234323432343236,1.7816764132553606,1.646864686468647
WC-1990,group stage,Group E,1,0,1990-06-17,South Korea,Spain,1,3,-2,2,0,0,0-0,0,0,0,0,1,0,1990,1719,31,AFC,0,1835,1657,1445,309,96,107,1028,465,512,1937,7,UEFA,0,2036,1915,1805,177,88,88,652,386,353,-218,24,-2,0.603515625,0.5014164305949008,2.0078125,1.8470254957507082
WC-1990,group stage,Group A,1,0,1990-06-19,Austria,United States,2,1,1,-1,0,0,0-0,0,0,2,1,0,0,1990,1677,35,UEFA,0,2070,1858,1674,231,192,112,1036,885,535,1583,53,CONCACAF,1,1784,1585,1410,64,110,41,267,462,215,94,-18,1,0.43177570093457945,0.29767441860465116,1.936448598130841,1.241860465116279
WC-1990,group stage,Group C,1,0,1990-06-20,Brazil,Scotland,1,0,1,-1,0,0,0-0,0,0,2,1,0,0,1990,1957,5,CONMEBOL,0,2195,1974,1805,334,100,110,1180,566,544,1775,23,UEFA,0,2104,1927,1697,277,152,118,1092,697,547,182,-18,1,0.6139705882352942,0.506398537477148,2.1691176470588234,1.9963436928702012
WC-1990,group stage,Group E,1,0,1990-06-21,Belgium,Spain,1,2,-1,1,0,0,0-0,0,0,0,0,1,0,1990,1816,18,UEFA,0,1961,1726,1503,200,212,101,914,976,513,1937,7,UEFA,0,2036,1915,1805,177,88,88,652,386,353,-121,11,-1,0.3898635477582846,0.5014164305949008,1.7816764132553606,1.8470254957507082
WC-1990,group stage,Group E,1,0,1990-06-21,South Korea,Uruguay,0,1,-1,1,0,0,0-0,0,0,0,0,1,0,1990,1719,31,AFC,0,1835,1657,1445,309,96,107,1028,465,512,1848,16,CONMEBOL,0,2104,1885,1636,262,206,138,998,811,606,-129,15,-1,0.603515625,0.43234323432343236,2.0078125,1.646864686468647
WC-1990,group stage,Group F,1,0,1990-06-21,England,Egypt,1,0,1,-1,0,0,0-0,0,0,2,1,0,0,1990,1990,3,UEFA,0,2213,1993,1810,446,145,156,1941,807,747,1642,42,CAF,0,1872,1663,1527,180,106,94,700,483,380,348,-39,1,0.5970548862115127,0.47368421052631576,2.5983935742971886,1.8421052631578947
WC-1990,round of 16,not applicable,0,1,1990-06-24,Brazil,Argentina,0,1,-1,1,0,0,0-0,0,0,0,0,1,0,1990,1957,5,CONMEBOL,0,2195,1974,1805,334,100,110,1180,566,544,1874,14,CONMEBOL,0,2159,1987,1751,336,157,163,1273,757,656,83,-9,-1,0.6139705882352942,0.5121951219512195,2.1691176470588234,1.9405487804878048
WC-1990,round of 16,not applicable,0,1,1990-06-26,England,Belgium,1,0,1,-1,1,0,0-0,0,0,2,1,0,0,1990,1990,3,UEFA,0,2213,1993,1810,446,145,156,1941,807,747,1816,18,UEFA,0,1961,1726,1503,200,212,101,914,976,513,174,-15,1,0.5970548862115127,0.3898635477582846,2.5983935742971886,1.7816764132553606
WC-1994,group stage,Group C,1,0,1994-06-17,Spain,South Korea,2,2,0,0,0,0,0-0,0,0,1,0,0,1,1994,1996,3,UEFA,0,2036,1912,1805,199,96,99,725,422,394,1637,44,AFC,0,1835,1659,1445,334,109,127,1131,513,570,359,-41,0,0.5050761421319797,0.5859649122807018,1.8401015228426396,1.9842105263157894
WC-1994,group stage,Group A,1,0,1994-06-18,United States,Switzerland,1,1,0,0,0,0,0-0,0,0,1,0,0,1,1994,1624,47,CONCACAF,1,1784,1588,1410,95,147,71,379,574,313,1870,18,UEFA,0,1917,1652,1485,176,280,111,821,1121,567,-246,29,0,0.3035143769968051,0.31040564373897706,1.2108626198083068,1.4479717813051147
WC-1994,group stage,Group F,1,0,1994-06-19,Belgium,Morocco,1,0,1,-1,0,0,0-0,0,0,2,1,0,0,1994,1766,25,UEFA,0,1961,1730,1503,216,222,106,965,1004,544,1599,57,CAF,0,1807,1654,1527,156,96,104,501,369,356,167,-32,1,0.39705882352941174,0.43820224719101125,1.7738970588235294,1.4073033707865168
WC-1994,group stage,Group E,1,0,1994-06-19,Norway,Mexico,1,0,1,-1,0,0,0-0,0,0,2,1,0,0,1994,1874,15,UEFA,0,1884,1575,1364,175,261,111,837,1103,547,1871,17,CONCACAF,1,1941,1752,1498,226,112,105,845,480,443,3,-2,1,0.31992687385740404,0.510158013544018,1.530164533820841,1.90744920993228
WC-1994,group stage,Group F,1,0,1994-06-20,Netherlands,Saudi Arabia,2,1,1,-1,0,0,0-0,0,0,2,1,0,0,1994,1957,5,UEFA,0,2109,1801,1553,250,174,108,1125,821,532,1639,42,AFC,0,1709,1417,1256,143,93,72,470,358,308,318,-37,1,0.4699248120300752,0.4642857142857143,2.1146616541353382,1.525974025974026
WC-1994,group stage,Group C,1,0,1994-06-21,Germany,Spain,1,1,0,0,0,0,0-0,0,0,1,0,0,1,1994,1999,2,UEFA,0,2146,1885,1637,355,147,126,1413,800,628,1996,3,UEFA,0,2036,1912,1805,199,96,99,725,422,394,3,-1,0,0.5652866242038217,0.5050761421319797,2.25,1.8401015228426396
WC-1994,group stage,Group A,1,0,1994-06-22,United States,Colombia,2,1,1,-1,0,0,0-0,0,0,2,1,0,0,1994,1624,47,CONCACAF,1,1784,1588,1410,95,147,71,379,574,313,1897,12,CONMEBOL,0,1945,1485,1304,82,103,68,298,379,253,-273,35,1,0.3035143769968051,0.3241106719367589,1.2108626198083068,1.1778656126482214
WC-1994,group stage,Group F,1,0,1994-06-25,Belgium,Netherlands,1,0,1,-1,0,0,0-0,0,0,2,1,0,0,1994,1766,25,UEFA,0,1961,1730,1503,216,222,106,965,1004,544,1957,5,UEFA,0,2109,1801,1553,250,174,108,1125,821,532,-191,20,1,0.39705882352941174,0.4699248120300752,1.7738970588235294,2.1146616541353382
WC-1994,group stage,Group F,1,0,1994-06-25,Saudi Arabia,Morocco,2,1,1,-1,0,0,0-0,0,0,2,1,0,0,1994,1639,42,AFC,0,1709,1417,1256,143,93,72,470,358,308,1599,57,CAF,0,1807,1654,1527,156,96,104,501,369,356,40,-15,1,0.4642857142857143,0.43820224719101125,1.525974025974026,1.4073033707865168
WC-1994,group stage,Group A,1,0,1994-06-26,Switzerland,Colombia,0,2,-2,2,0,0,0-0,0,0,0,0,1,0,1994,1870,18,UEFA,0,1917,1652,1485,176,280,111,821,1121,567,1897,12,CONMEBOL,0,1945,1485,1304,82,103,68,298,379,253,-27,6,-2,0.31040564373897706,0.3241106719367589,1.4479717813051147,1.1778656126482214
WC-1994,group stage,Group C,1,0,1994-06-27,Germany,South Korea,3,2,1,-1,0,0,0-0,0,0,2,1,0,0,1994,1999,2,UEFA,0,2146,1885,1637,355,147,126,1413,800,628,1637,44,AFC,0,1835,1659,1445,334,109,127,1131,513,570,362,-42,1,0.5652866242038217,0.5859649122807018,2.25,1.9842105263157894
WC-1994,group stage,Group B,1,0,1994-06-28,Brazil,Sweden,1,1,0,0,0,0,0-0,0,0,1,0,0,1,1994,2069,1,CONMEBOL,0,2195,1974,1805,367,108,127,1299,614,602,1949,6,UEFA,0,2013,1786,1579,360,223,143,1616,1090,726,120,-5,0,0.6096345514950167,0.49586776859504134,2.1578073089700998,2.2258953168044076
WC-1994,group stage,Group F,1,0,1994-06-29,Belgium,Saudi Arabia,0,1,-1,1,0,0,0-0,0,0,0,0,1,0,1994,1766,25,UEFA,0,1961,1730,1503,216,222,106,965,1004,544,1639,42,AFC,0,1709,1417,1256,143,93,72,470,358,308,127,-17,-1,0.39705882352941174,0.4642857142857143,1.7738970588235294,1.525974025974026
WC-1994,group stage,Group F,1,0,1994-06-29,Morocco,Netherlands,1,2,-1,1,0,0,0-0,0,0,0,0,1,0,1994,1599,57,CAF,0,1807,1654,1527,156,96,104,501,369,356,1957,5,UEFA,0,2109,1801,1553,250,174,108,1125,821,532,-358,52,-1,0.43820224719101125,0.4699248120300752,1.4073033707865168,2.1146616541353382
WC-1994,round of 16,not applicable,0,1,1994-07-02,Germany,Belgium,3,2,1,-1,0,0,0-0,0,0,2,1,0,0,1994,1999,2,UEFA,0,2146,1885,1637,355,147,126,1413,800,628,1766,25,UEFA,0,1961,1730,1503,216,222,106,965,1004,544,233,-23,1,0.5652866242038217,0.39705882352941174,2.25,1.7738970588235294
WC-1994,round of 16,not applicable,0,1,1994-07-02,Spain,Switzerland,3,0,3,-3,0,0,0-0,0,0,2,1,0,0,1994,1996,3,UEFA,0,2036,1912,1805,199,96,99,725,422,394,1870,18,UEFA,0,1917,1652,1485,176,280,111,821,1121,567,126,-15,3,0.5050761421319797,0.31040564373897706,1.8401015228426396,1.4479717813051147
WC-1994,round of 16,not applicable,0,1,1994-07-03,Saudi Arabia,Sweden,1,3,-2,2,0,0,0-0,0,0,0,0,1,0,1994,1639,42,AFC,0,1709,1417,1256,143,93,72,470,358,308,1949,6,UEFA,0,2013,1786,1579,360,223,143,1616,1090,726,-310,36,-2,0.4642857142857143,0.49586776859504134,1.525974025974026,2.2258953168044076
WC-1994,round of 16,not applicable,0,1,1994-07-04,Brazil,United States,1,0,1,-1,0,0,0-0,0,0,2,1,0,0,1994,2069,1,CONMEBOL,0,2195,1974,1805,367,108,127,1299,614,602,1624,47,CONCACAF,1,1784,1588,1410,95,147,71,379,574,313,445,-46,1,0.6096345514950167,0.3035143769968051,2.1578073089700998,1.2108626198083068
WC-1994,quarter-finals,not applicable,0,1,1994-07-09,Netherlands,Brazil,2,3,-1,1,0,0,0-0,0,0,0,0,1,0,1994,1957,5,UEFA,0,2109,1801,1553,250,174,108,1125,821,532,2069,1,CONMEBOL,0,2195,1974,1805,367,108,127,1299,614,602,-112,4,-1,0.4699248120300752,0.6096345514950167,2.1146616541353382,2.1578073089700998
WC-1994,semi-finals,not applicable,0,1,1994-07-13,Sweden,Brazil,0,1,-1,1,0,0,0-0,0,0,0,0,1,0,1994,1949,6,UEFA,0,2013,1786,1579,360,223,143,1616,1090,726,2069,1,CONMEBOL,0,2195,1974,1805,367,108,127,1299,614,602,-120,5,-1,0.49586776859504134,0.6096345514950167,2.2258953168044076,2.1578073089700998
WC-1998,group stage,Group A,1,0,1998-06-10,Brazil,Scotland,2,1,1,-1,0,0,0-0,0,0,2,1,0,0,1998,2051,2,CONMEBOL,0,2195,1979,1805,421,114,141,1482,675,676,1712,36,UEFA,0,2104,1917,1697,308,174,136,1180,760,618,339,-34,1,0.6227810650887574,0.49838187702265374,2.1923076923076925,1.9093851132686084
WC-1998,group stage,Group A,1,0,1998-06-10,Morocco,Norway,2,2,0,0,0,0,0-0,0,0,1,0,0,1,1998,1777,21,CAF,0,1807,1655,1527,184,104,115,592,400,403,1829,16,UEFA,0,1926,1587,1364,198,269,127,927,1142,594,-52,5,0,0.456575682382134,0.3333333333333333,1.468982630272953,1.5606060606060606
WC-1998,group stage,Group C,1,0,1998-06-12,France,South Africa,3,0,3,-3,0,0,0-0,0,0,2,1,0,0,1998,2076,1,UEFA,0,2089,1736,1514,250,213,116,1032,1000,579,1664,47,CAF,0,1847,1748,1597,52,47,21,201,197,120,412,-46,3,0.4317789291882556,0.43333333333333335,1.782383419689119,1.675
WC-1998,group stage,Group E,1,0,1998-06-13,South Korea,Mexico,1,3,-2,2,0,0,0-0,0,0,0,0,1,0,1998,1720,33,AFC,0,1835,1659,1445,368,126,147,1262,597,641,1862,15,CONCACAF,1,1941,1756,1498,260,133,130,983,576,523,-142,18,-2,0.5741029641185648,0.497131931166348,1.968798751950078,1.8795411089866156
WC-1998,group stage,Group E,1,0,1998-06-13,Netherlands,Belgium,0,0,0,0,0,0,0-0,0,0,1,0,0,1,1998,1993,4,UEFA,0,2109,1807,1553,273,183,118,1210,853,574,1816,18,UEFA,0,1961,1733,1503,230,229,118,1015,1038,577,177,-14,0,0.47560975609756095,0.3986135181975737,2.1080139372822297,1.759098786828423
WC-1998,group stage,Group H,1,0,1998-06-14,Argentina,Japan,1,0,1,-1,0,0,0-0,0,0,2,1,0,0,1998,1932,10,CONMEBOL,0,2159,1980,1751,390,173,193,1438,842,756,1646,50,AFC,0,1806,1362,1126,178,169,81,730,622,428,286,-40,1,0.5158730158730159,0.4158878504672897,1.902116402116402,1.705607476635514
WC-1998,group stage,Group G,1,0,1998-06-15,England,Tunisia,2,0,2,-2,0,0,0-0,0,0,2,1,0,0,1998,1945,8,UEFA,0,2213,1990,1810,490,159,185,2076,865,834,1627,52,CAF,0,1734,1613,1439,165,148,117,590,537,430,318,-44,2,0.5875299760191847,0.38372093023255816,2.4892086330935252,1.372093023255814
WC-1998,group stage,Group F,1,0,1998-06-15,Germany,United States,2,0,2,-2,0,0,0-0,0,0,2,1,0,0,1998,1977,6,UEFA,0,2146,1892,1637,390,152,140,1525,840,682,1694,39,CONCACAF,1,1793,1594,1410,121,168,87,463,641,376,283,-33,2,0.5718475073313783,0.32180851063829785,2.2360703812316713,1.2313829787234043
WC-1998,group stage,Group A,1,0,1998-06-16,Scotland,Norway,1,1,0,0,0,0,0-0,0,0,1,0,0,1,1998,1712,36,UEFA,0,2104,1917,1697,308,174,136,1180,760,618,1829,16,UEFA,0,1926,1587,1364,198,269,127,927,1142,594,-117,20,0,0.49838187702265374,0.3333333333333333,1.9093851132686084,1.5606060606060606
WC-1998,group stage,Group A,1,0,1998-06-16,Brazil,Morocco,3,0,3,-3,0,0,0-0,0,0,2,1,0,0,1998,2051,2,CONMEBOL,0,2195,1979,1805,421,114,141,1482,675,676,1777,21,CAF,0,1807,1655,1527,184,104,115,592,400,403,274,-19,3,0.6227810650887574,0.456575682382134,2.1923076923076925,1.468982630272953
WC-1998,group stage,Group C,1,0,1998-06-18,France,Saudi Arabia,4,0,4,-4,0,0,0-0,0,0,2,1,0,0,1998,2076,1,UEFA,0,2089,1736,1514,250,213,116,1032,1000,579,1723,31,AFC,0,1735,1437,1256,183,111,92,603,440,386,353,-30,4,0.4317789291882556,0.4740932642487047,1.782383419689119,1.5621761658031088
WC-1998,group stage,Group D,1,0,1998-06-19,Spain,Paraguay,0,0,0,0,0,0,0-0,0,0,1,0,0,1,1998,1978,5,UEFA,0,2046,1917,1805,219,99,112,798,449,430,1805,19,CONMEBOL,0,1956,1753,1619,169,184,111,644,722,464,173,-14,0,0.5093023255813953,0.3642241379310345,1.8558139534883722,1.3879310344827587
WC-1998,group stage,Group H,1,0,1998-06-20,Japan,Croatia,0,1,-1,1,0,0,0-0,0,0,0,0,1,0,1998,1646,50,AFC,0,1806,1362,1126,178,169,81,730,622,428,1966,7,UEFA,0,2008,1885,1849,45,18,19,168,94,82,-320,43,-1,0.4158878504672897,0.5487804878048781,1.705607476635514,2.048780487804878
WC-1998,group stage,Group E,1,0,1998-06-20,Belgium,Mexico,2,2,0,0,0,0,0-0,0,0,1,0,0,1,1998,1816,18,UEFA,0,1961,1733,1503,230,229,118,1015,1038,577,1862,15,CONCACAF,1,1941,1756,1498,260,133,130,983,576,523,-46,3,0,0.3986135181975737,0.497131931166348,1.759098786828423,1.8795411089866156
WC-1998,group stage,Group E,1,0,1998-06-20,Netherlands,South Korea,5,0,5,-5,0,0,0-0,0,0,2,1,0,0,1998,1993,4,UEFA,0,2109,1807,1553,273,183,118,1210,853,574,1720,33,AFC,0,1835,1659,1445,368,126,147,1262,597,641,273,-29,5,0.47560975609756095,0.5741029641185648,2.1080139372822297,1.968798751950078
WC-1998,group stage,Group F,1,0,1998-06-21,United States,Iran,1,2,-1,1,0,0,0-0,0,0,0,0,1,0,1998,1694,39,CONCACAF,1,1793,1594,1410,121,168,87,463,641,376,1737,29,AFC,0,1803,1610,1450,159,73,64,556,246,296,-43,10,-1,0.32180851063829785,0.5371621621621622,1.2313829787234043,1.8783783783783783
WC-1998,group stage,Group G,1,0,1998-06-22,Colombia,Tunisia,1,0,1,-1,0,0,0-0,0,0,2,1,0,0,1998,1751,26,CONMEBOL,0,1945,1508,1304,103,120,85,363,436,308,1627,52,CAF,0,1734,1613,1439,165,148,117,590,537,430,124,-26,1,0.3344155844155844,0.38372093023255816,1.1785714285714286,1.372093023255814
WC-1998,group stage,Group A,1,0,1998-06-23,Brazil,Norway,1,2,-1,1,0,0,0-0,0,0,0,0,1,0,1998,2051,2,CONMEBOL,0,2195,1979,1805,421,114,141,1482,675,676,1829,16,UEFA,0,1926,1587,1364,198,269,127,927,1142,594,222,-14,-1,0.6227810650887574,0.3333333333333333,2.1923076923076925,1.5606060606060606
WC-1998,group stage,Group A,1,0,1998-06-23,Scotland,Morocco,0,3,-3,3,0,0,0-0,0,0,0,0,1,0,1998,1712,36,UEFA,0,2104,1917,1697,308,174,136,1180,760,618,1777,21,CAF,0,1807,1655,1527,184,104,115,592,400,403,-65,15,-3,0.49838187702265374,0.456575682382134,1.9093851132686084,1.468982630272953
WC-1998,group stage,Group C,1,0,1998-06-24,South Africa,Saudi Arabia,2,2,0,0,0,0,0-0,0,0,1,0,0,1,1998,1664,47,CAF,0,1847,1748,1597,52,47,21,201,197,120,1723,31,AFC,0,1735,1437,1256,183,111,92,603,440,386,-59,16,0,0.43333333333333335,0.4740932642487047,1.675,1.5621761658031088
WC-1998,group stage,Group E,1,0,1998-06-25,Belgium,South Korea,1,1,0,0,0,0,0-0,0,0,1,0,0,1,1998,1816,18,UEFA,0,1961,1733,1503,230,229,118,1015,1038,577,1720,33,AFC,0,1835,1659,1445,368,126,147,1262,597,641,96,-15,0,0.3986135181975737,0.5741029641185648,1.759098786828423,1.968798751950078
WC-1998,group stage,Group E,1,0,1998-06-25,Netherlands,Mexico,2,2,0,0,0,0,0-0,0,0,1,0,0,1,1998,1993,4,UEFA,0,2109,1807,1553,273,183,118,1210,853,574,1862,15,CONCACAF,1,1941,1756,1498,260,133,130,983,576,523,131,-11,0,0.47560975609756095,0.497131931166348,2.1080139372822297,1.8795411089866156
WC-1998,group stage,Group F,1,0,1998-06-25,Germany,Iran,2,0,2,-2,0,0,0-0,0,0,2,1,0,0,1998,1977,6,UEFA,0,2146,1892,1637,390,152,140,1525,840,682,1737,29,AFC,0,1803,1610,1450,159,73,64,556,246,296,240,-23,2,0.5718475073313783,0.5371621621621622,2.2360703812316713,1.8783783783783783
WC-1998,group stage,Group H,1,0,1998-06-26,Argentina,Croatia,1,0,1,-1,0,0,0-0,0,0,2,1,0,0,1998,1932,10,CONMEBOL,0,2159,1980,1751,390,173,193,1438,842,756,1966,7,UEFA,0,2008,1885,1849,45,18,19,168,94,82,-34,3,1,0.5158730158730159,0.5487804878048781,1.902116402116402,2.048780487804878
WC-1998,group stage,Group G,1,0,1998-06-26,Colombia,England,0,2,-2,2,0,0,0-0,0,0,0,0,1,0,1998,1751,26,CONMEBOL,0,1945,1508,1304,103,120,85,363,436,308,1945,8,UEFA,0,2213,1990,1810,490,159,185,2076,865,834,-194,18,-2,0.3344155844155844,0.5875299760191847,1.1785714285714286,2.4892086330935252
WC-1998,round of 16,not applicable,0,1,1998-06-28,France,Paraguay,1,0,1,-1,1,0,0-0,0,0,2,1,0,0,1998,2076,1,UEFA,0,2089,1736,1514,250,213,116,1032,1000,579,1805,19,CONMEBOL,0,1956,1753,1619,169,184,111,644,722,464,271,-18,1,0.4317789291882556,0.3642241379310345,1.782383419689119,1.3879310344827587
WC-1998,round of 16,not applicable,0,1,1998-06-29,Germany,Mexico,2,1,1,-1,0,0,0-0,0,0,2,1,0,0,1998,1977,6,UEFA,0,2146,1892,1637,390,152,140,1525,840,682,1862,15,CONCACAF,1,1941,1756,1498,260,133,130,983,576,523,115,-9,1,0.5718475073313783,0.497131931166348,2.2360703812316713,1.8795411089866156
WC-1998,round of 16,not applicable,0,1,1998-06-30,Argentina,England,2,2,0,0,1,1,43,4,3,2,1,0,0,1998,1932,10,CONMEBOL,0,2159,1980,1751,390,173,193,1438,842,756,1945,8,UEFA,0,2213,1990,1810,490,159,185,2076,865,834,-13,2,0,0.5158730158730159,0.5875299760191847,1.902116402116402,2.4892086330935252
WC-1998,quarter-finals,not applicable,0,1,1998-07-04,Netherlands,Argentina,2,1,1,-1,0,0,0-0,0,0,2,1,0,0,1998,1993,4,UEFA,0,2109,1807,1553,273,183,118,1210,853,574,1932,10,CONMEBOL,0,2159,1980,1751,390,173,193,1438,842,756,61,-6,1,0.47560975609756095,0.5158730158730159,2.1080139372822297,1.902116402116402
WC-1998,quarter-finals,not applicable,0,1,1998-07-04,Germany,Croatia,0,3,-3,3,0,0,0-0,0,0,0,0,1,0,1998,1977,6,UEFA,0,2146,1892,1637,390,152,140,1525,840,682,1966,7,UEFA,0,2008,1885,1849,45,18,19,168,94,82,11,-1,-3,0.5718475073313783,0.5487804878048781,2.2360703812316713,2.048780487804878
WC-1998,semi-finals,not applicable,0,1,1998-07-07,Brazil,Netherlands,1,1,0,0,1,1,42,4,2,2,1,0,0,1998,2051,2,CONMEBOL,0,2195,1979,1805,421,114,141,1482,675,676,1993,4,UEFA,0,2109,1807,1553,273,183,118,1210,853,574,58,-2,0,0.6227810650887574,0.47560975609756095,2.1923076923076925,2.1080139372822297
WC-1998,semi-finals,not applicable,0,1,1998-07-08,France,Croatia,2,1,1,-1,0,0,0-0,0,0,2,1,0,0,1998,2076,1,UEFA,0,2089,1736,1514,250,213,116,1032,1000,579,1966,7,UEFA,0,2008,1885,1849,45,18,19,168,94,82,110,-6,1,0.4317789291882556,0.5487804878048781,1.782383419689119,2.048780487804878
WC-1998,third-place match,not applicable,0,1,1998-07-11,Netherlands,Croatia,1,2,-1,1,0,0,0-0,0,0,0,0,1,0,1998,1993,4,UEFA,0,2109,1807,1553,273,183,118,1210,853,574,1966,7,UEFA,0,2008,1885,1849,45,18,19,168,94,82,27,-3,-1,0.47560975609756095,0.5487804878048781,2.1080139372822297,2.048780487804878
WC-1998,final,not applicable,0,1,1998-07-12,Brazil,France,0,3,-3,3,0,0,0-0,0,0,0,0,1,0,1998,2051,2,CONMEBOL,0,2195,1979,1805,421,114,141,1482,675,676,2076,1,UEFA,0,2089,1736,1514,250,213,116,1032,1000,579,-25,1,-3,0.6227810650887574,0.4317789291882556,2.1923076923076925,1.782383419689119
WC-2002,group stage,Group A,1,0,2002-05-31,France,Senegal,0,1,-1,1,0,0,0-0,0,0,0,0,1,0,2002,1973,5,UEFA,0,2135,1750,1514,285,221,126,1140,1039,632,1776,28,CAF,0,1808,1546,1387,176,146,123,553,463,445,197,-23,-1,0.4509493670886076,0.3955056179775281,1.8037974683544304,1.2426966292134831
WC-2002,group stage,Group E,1,0,2002-06-01,Germany,Saudi Arabia,8,0,8,-8,0,0,0-0,0,0,2,1,0,0,2002,1935,7,UEFA,0,2146,1892,1637,419,166,151,1640,903,736,1668,47,AFC,0,1735,1457,1256,227,133,106,746,525,466,267,-40,8,0.5692934782608695,0.4871244635193133,2.2282608695652173,1.6008583690987124
WC-2002,group stage,Group B,1,0,2002-06-02,Paraguay,South Africa,2,2,0,0,0,0,0-0,0,0,1,0,0,1,2002,1763,31,CONMEBOL,0,1956,1755,1619,192,200,128,718,788,520,1663,48,CAF,0,1847,1744,1569,85,62,44,288,256,191,100,-17,0,0.36923076923076925,0.44502617801047123,1.3807692307692307,1.5078534031413613
WC-2002,group stage,Group F,1,0,2002-06-02,England,Sweden,1,1,0,0,0,0,0-0,0,0,1,0,0,1,2002,1950,6,UEFA,0,2213,1987,1810,508,168,202,2146,904,878,1823,17,UEFA,0,2013,1792,1579,403,243,176,1741,1168,822,127,-11,0,0.5785876993166287,0.4902676399026764,2.4441913439635536,2.1180048661800486
WC-2002,group stage,Group G,1,0,2002-06-03,Croatia,Mexico,0,1,-1,1,0,0,0-0,0,0,0,0,1,0,2002,1803,21,UEFA,0,2008,1887,1790,59,27,38,215,132,124,1834,15,CONCACAF,1,1941,1760,1498,302,160,146,1115,669,608,-31,6,-1,0.47580645161290325,0.4967105263157895,1.7338709677419355,1.8338815789473684
WC-2002,group stage,Group C,1,0,2002-06-03,Brazil,Turkey,2,1,1,-1,0,0,0-0,0,0,2,1,0,0,2002,2057,1,CONMEBOL,0,2195,1980,1805,464,128,152,1633,731,744,1894,10,UEFA,0,1894,1561,1358,131,177,88,510,652,396,163,-9,1,0.6236559139784946,0.33080808080808083,2.1948924731182795,1.2878787878787878
WC-2002,group stage,Group H,1,0,2002-06-04,Japan,Belgium,2,2,0,0,0,0,0-0,0,0,1,0,0,1,2002,1805,20,AFC,0,1887,1380,1126,200,181,98,813,672,479,1783,26,UEFA,0,1961,1735,1503,250,243,132,1092,1094,625,22,-6,0,0.4175365344467641,0.4,1.697286012526096,1.7472
WC-2002,group stage,Group D,1,0,2002-06-05,United States,Portugal,3,2,1,-1,0,0,0-0,0,0,2,1,0,0,2002,1826,16,CONCACAF,1,1853,1603,1410,155,186,100,564,694,441,1930,8,UEFA,0,2018,1757,1624,170,138,90,612,538,398,-104,8,1,0.35147392290249435,0.4271356783919598,1.2789115646258504,1.5376884422110553
WC-2002,group stage,Group A,1,0,2002-06-06,France,Uruguay,0,0,0,0,0,0,0-0,0,0,1,0,0,1,2002,1973,5,UEFA,0,2135,1750,1514,285,221,126,1140,1039,632,1781,27,CONMEBOL,0,2104,1874,1636,313,249,173,1162,955,735,192,-22,0,0.4509493670886076,0.42585034013605444,1.8037974683544304,1.5809523809523809
WC-2002,group stage,Group B,1,0,2002-06-07,Spain,Paraguay,3,1,2,-2,0,0,0-0,0,0,2,1,0,0,2002,1996,3,UEFA,0,2046,1920,1805,248,106,122,905,484,476,1763,31,CONMEBOL,0,1956,1755,1619,192,200,128,718,788,520,233,-28,2,0.5210084033613446,0.36923076923076925,1.9012605042016806,1.3807692307692307
WC-2002,group stage,Group F,1,0,2002-06-07,Argentina,England,0,1,-1,1,0,0,0-0,0,0,0,0,1,0,2002,1996,3,CONMEBOL,0,2159,1980,1751,415,179,204,1512,878,798,1950,6,UEFA,0,2213,1987,1810,508,168,202,2146,904,878,46,-3,-1,0.5200501253132832,0.5785876993166287,1.894736842105263,2.4441913439635536
WC-2002,group stage,Group G,1,0,2002-06-09,Mexico,Ecuador,2,1,1,-1,0,0,0-0,0,0,2,1,0,0,2002,1834,15,CONCACAF,1,1941,1760,1498,302,160,146,1115,669,608,1722,35,CONMEBOL,0,1788,1430,1183,82,158,84,359,578,324,112,-20,1,0.4967105263157895,0.25308641975308643,1.8338815789473684,1.1080246913580247
WC-2002,group stage,Group D,1,0,2002-06-10,South Korea,United States,1,1,0,0,0,0,0-0,0,0,1,0,0,1,2002,1768,29,AFC,0,1845,1665,1445,395,141,172,1355,660,708,1826,16,CONCACAF,1,1853,1603,1410,155,186,100,564,694,441,-58,13,0,0.557909604519774,0.35147392290249435,1.9138418079096045,1.2789115646258504
WC-2002,group stage,Group H,1,0,2002-06-10,Tunisia,Belgium,1,1,0,0,0,0,0-0,0,0,1,0,0,1,2002,1613,53,CAF,0,1734,1615,1439,188,161,135,676,583,484,1783,26,UEFA,0,1961,1735,1503,250,243,132,1092,1094,625,-170,27,0,0.3884297520661157,0.4,1.396694214876033,1.7472
WC-2002,group stage,Group A,1,0,2002-06-11,Senegal,Uruguay,3,3,0,0,0,0,0-0,0,0,1,0,0,1,2002,1776,28,CAF,0,1808,1546,1387,176,146,123,553,463,445,1781,27,CONMEBOL,0,2104,1874,1636,313,249,173,1162,955,735,-5,1,0,0.3955056179775281,0.42585034013605444,1.2426966292134831,1.5809523809523809
WC-2002,group stage,Group F,1,0,2002-06-12,Sweden,Argentina,1,1,0,0,0,0,0-0,0,0,1,0,0,1,2002,1823,17,UEFA,0,2013,1792,1579,403,243,176,1741,1168,822,1996,3,CONMEBOL,0,2159,1980,1751,415,179,204,1512,878,798,-173,14,0,0.4902676399026764,0.5200501253132832,2.1180048661800486,1.894736842105263
WC-2002,group stage,Group B,1,0,2002-06-12,South Africa,Spain,2,3,-1,1,0,0,0-0,0,0,0,0,1,0,2002,1663,48,CAF,0,1847,1744,1569,85,62,44,288,256,191,1996,3,UEFA,0,2046,1920,1805,248,106,122,905,484,476,-333,45,-1,0.44502617801047123,0.5210084033613446,1.5078534031413613,1.9012605042016806
WC-2002,group stage,Group G,1,0,2002-06-13,Ecuador,Croatia,1,0,1,-1,0,0,0-0,0,0,2,1,0,0,2002,1722,35,CONMEBOL,0,1788,1430,1183,82,158,84,359,578,324,1803,21,UEFA,0,2008,1887,1790,59,27,38,215,132,124,-81,14,1,0.25308641975308643,0.47580645161290325,1.1080246913580247,1.7338709677419355
WC-2002,group stage,Group H,1,0,2002-06-14,Tunisia,Japan,0,2,-2,2,0,0,0-0,0,0,0,0,1,0,2002,1613,53,CAF,0,1734,1615,1439,188,161,135,676,583,484,1805,20,AFC,0,1887,1380,1126,200,181,98,813,672,479,-192,33,-2,0.3884297520661157,0.4175365344467641,1.396694214876033,1.697286012526096
WC-2002,group stage,Group D,1,0,2002-06-14,Portugal,South Korea,0,1,-1,1,0,0,0-0,0,0,0,0,1,0,2002,1930,8,UEFA,0,2018,1757,1624,170,138,90,612,538,398,1768,29,AFC,0,1845,1665,1445,395,141,172,1355,660,708,162,-21,-1,0.4271356783919598,0.557909604519774,1.5376884422110553,1.9138418079096045
WC-2002,round of 16,not applicable,0,1,2002-06-15,Germany,Paraguay,1,0,1,-1,0,0,0-0,0,0,2,1,0,0,2002,1935,7,UEFA,0,2146,1892,1637,419,166,151,1640,903,736,1763,31,CONMEBOL,0,1956,1755,1619,192,200,128,718,788,520,172,-24,1,0.5692934782608695,0.36923076923076925,2.2282608695652173,1.3807692307692307
WC-2002,round of 16,not applicable,0,1,2002-06-16,Sweden,Senegal,1,2,-1,1,1,0,0-0,0,0,0,0,1,0,2002,1823,17,UEFA,0,2013,1792,1579,403,243,176,1741,1168,822,1776,28,CAF,0,1808,1546,1387,176,146,123,553,463,445,47,-11,-1,0.4902676399026764,0.3955056179775281,2.1180048661800486,1.2426966292134831
WC-2002,round of 16,not applicable,0,1,2002-06-17,Mexico,United States,0,2,-2,2,0,0,0-0,0,0,0,0,1,0,2002,1834,15,CONCACAF,1,1941,1760,1498,302,160,146,1115,669,608,1826,16,CONCACAF,1,1853,1603,1410,155,186,100,564,694,441,8,-1,-2,0.4967105263157895,0.35147392290249435,1.8338815789473684,1.2789115646258504
WC-2002,round of 16,not applicable,0,1,2002-06-17,Brazil,Belgium,2,0,2,-2,0,0,0-0,0,0,2,1,0,0,2002,2057,1,CONMEBOL,0,2195,1980,1805,464,128,152,1633,731,744,1783,26,UEFA,0,1961,1735,1503,250,243,132,1092,1094,625,274,-25,2,0.6236559139784946,0.4,2.1948924731182795,1.7472
WC-2002,round of 16,not applicable,0,1,2002-06-18,Japan,Turkey,0,1,-1,1,0,0,0-0,0,0,0,0,1,0,2002,1805,20,AFC,0,1887,1380,1126,200,181,98,813,672,479,1894,10,UEFA,0,1894,1561,1358,131,177,88,510,652,396,-89,10,-1,0.4175365344467641,0.33080808080808083,1.697286012526096,1.2878787878787878
WC-2002,quarter-finals,not applicable,0,1,2002-06-21,England,Brazil,1,2,-1,1,0,0,0-0,0,0,0,0,1,0,2002,1950,6,UEFA,0,2213,1987,1810,508,168,202,2146,904,878,2057,1,CONMEBOL,0,2195,1980,1805,464,128,152,1633,731,744,-107,5,-1,0.5785876993166287,0.6236559139784946,2.4441913439635536,2.1948924731182795
WC-2002,quarter-finals,not applicable,0,1,2002-06-21,Germany,United States,1,0,1,-1,0,0,0-0,0,0,2,1,0,0,2002,1935,7,UEFA,0,2146,1892,1637,419,166,151,1640,903,736,1826,16,CONCACAF,1,1853,1603,1410,155,186,100,564,694,441,109,-9,1,0.5692934782608695,0.35147392290249435,2.2282608695652173,1.2789115646258504
WC-2002,quarter-finals,not applicable,0,1,2002-06-22,Spain,South Korea,0,0,0,0,1,1,35,3,5,0,0,1,0,2002,1996,3,UEFA,0,2046,1920,1805,248,106,122,905,484,476,1768,29,AFC,0,1845,1665,1445,395,141,172,1355,660,708,228,-26,0,0.5210084033613446,0.557909604519774,1.9012605042016806,1.9138418079096045
WC-2002,quarter-finals,not applicable,0,1,2002-06-22,Senegal,Turkey,0,1,-1,1,1,0,0-0,0,0,0,0,1,0,2002,1776,28,CAF,0,1808,1546,1387,176,146,123,553,463,445,1894,10,UEFA,0,1894,1561,1358,131,177,88,510,652,396,-118,18,-1,0.3955056179775281,0.33080808080808083,1.2426966292134831,1.2878787878787878
WC-2002,semi-finals,not applicable,0,1,2002-06-25,Germany,South Korea,1,0,1,-1,0,0,0-0,0,0,2,1,0,0,2002,1935,7,UEFA,0,2146,1892,1637,419,166,151,1640,903,736,1768,29,AFC,0,1845,1665,1445,395,141,172,1355,660,708,167,-22,1,0.5692934782608695,0.557909604519774,2.2282608695652173,1.9138418079096045
WC-2002,semi-finals,not applicable,0,1,2002-06-26,Brazil,Turkey,1,0,1,-1,0,0,0-0,0,0,2,1,0,0,2002,2057,1,CONMEBOL,0,2195,1980,1805,464,128,152,1633,731,744,1894,10,UEFA,0,1894,1561,1358,131,177,88,510,652,396,163,-9,1,0.6236559139784946,0.33080808080808083,2.1948924731182795,1.2878787878787878
WC-2002,third-place match,not applicable,0,1,2002-06-29,South Korea,Turkey,2,3,-1,1,0,0,0-0,0,0,0,0,1,0,2002,1768,29,AFC,0,1845,1665,1445,395,141,172,1355,660,708,1894,10,UEFA,0,1894,1561,1358,131,177,88,510,652,396,-126,19,-1,0.557909604519774,0.33080808080808083,1.9138418079096045,1.2878787878787878
WC-2002,final,not applicable,0,1,2002-06-30,Germany,Brazil,0,2,-2,2,0,0,0-0,0,0,0,0,1,0,2002,1935,7,UEFA,0,2146,1892,1637,419,166,151,1640,903,736,2057,1,CONMEBOL,0,2195,1980,1805,464,128,152,1633,731,744,-122,6,-2,0.5692934782608695,0.6236559139784946,2.2282608695652173,2.1948924731182795
WC-2006,group stage,Group B,1,0,2006-06-10,England,Paraguay,1,0,1,-1,0,0,0-0,0,0,2,1,0,0,2006,1960,7,UEFA,0,2213,1987,1810,540,176,212,2241,947,928,1761,30,CONMEBOL,0,1956,1756,1619,210,215,143,773,841,568,199,-23,1,0.5818965517241379,0.36971830985915494,2.4148706896551726,1.3609154929577465
WC-2006,group stage,Group C,1,0,2006-06-10,Argentina,Ivory Coast,2,1,1,-1,0,0,0-0,0,0,2,1,0,0,2006,1979,5,CONMEBOL,0,2159,1981,1751,447,191,216,1616,941,854,1774,27,CAF,0,1774,1620,1476,217,123,117,721,496,457,205,-22,1,0.5234192037470726,0.474835886214442,1.8922716627634661,1.5776805251641137
WC-2006,group stage,Group D,1,0,2006-06-11,Mexico,Iran,3,1,2,-2,0,0,0-0,0,0,2,1,0,0,2006,1821,19,CONCACAF,1,1958,1765,1498,340,177,162,1246,728,679,1783,23,AFC,0,1842,1628,1450,230,95,94,807,354,419,38,-4,2,0.5007363770250368,0.548926014319809,1.8350515463917525,1.9260143198090691
WC-2006,group stage,Group F,1,0,2006-06-12,Australia,Japan,3,1,2,-2,0,0,0-0,0,0,2,1,0,0,2006,1761,30,AFC,0,1876,1656,1475,211,123,83,908,509,417,1726,40,AFC,0,1887,1399,1126,242,201,113,937,742,556,35,-10,2,0.5059952038369304,0.4352517985611511,2.1774580335731413,1.685251798561151
WC-2006,group stage,Group G,1,0,2006-06-13,France,Switzerland,0,0,0,0,0,0,0-0,0,0,1,0,0,1,2006,2060,2,UEFA,0,2135,1759,1514,323,225,141,1248,1066,689,1846,15,UEFA,0,1917,1661,1485,218,319,146,980,1258,683,214,-13,0,0.46879535558780844,0.3191800878477306,1.8113207547169812,1.4348462664714494
WC-2006,group stage,Group F,1,0,2006-06-13,Brazil,Croatia,1,0,1,-1,0,0,0-0,0,0,2,1,0,0,2006,2080,1,CONMEBOL,0,2195,1982,1805,500,137,170,1762,778,807,1896,9,UEFA,0,2008,1878,1783,84,37,53,302,180,174,184,-8,1,0.6195786864931846,0.4827586206896552,2.1833952912019825,1.735632183908046
WC-2006,group stage,Group H,1,0,2006-06-14,Tunisia,Saudi Arabia,2,2,0,0,0,0,0-0,0,0,1,0,0,1,2006,1639,50,CAF,0,1757,1617,1439,216,173,148,756,632,537,1579,61,AFC,0,1735,1471,1256,264,154,123,879,597,541,60,-11,0,0.4022346368715084,0.4879852125693161,1.4078212290502794,1.6247689463955637
WC-2006,group stage,Group B,1,0,2006-06-15,Sweden,Paraguay,1,0,1,-1,0,0,0-0,0,0,2,1,0,0,2006,1870,13,UEFA,0,2013,1795,1579,430,257,192,1848,1222,879,1761,30,CONMEBOL,0,1956,1756,1619,210,215,143,773,841,568,109,-17,1,0.4891922639362912,0.36971830985915494,2.1023890784982937,1.3609154929577465
WC-2006,group stage,Group C,1,0,2006-06-16,Netherlands,Ivory Coast,2,1,1,-1,0,0,0-0,0,0,2,1,0,0,2006,1989,4,UEFA,0,2109,1821,1553,324,195,148,1387,924,667,1774,27,CAF,0,1774,1620,1476,217,123,117,721,496,457,215,-23,1,0.48575712143928035,0.474835886214442,2.0794602698650673,1.5776805251641137
WC-2006,group stage,Group D,1,0,2006-06-17,Portugal,Iran,2,0,2,-2,0,0,0-0,0,0,2,1,0,0,2006,1896,9,UEFA,0,2018,1764,1624,203,148,102,726,581,453,1783,23,AFC,0,1842,1628,1450,230,95,94,807,354,419,113,-14,2,0.4481236203090508,0.548926014319809,1.6026490066225165,1.9260143198090691
WC-2006,group stage,Group F,1,0,2006-06-18,Japan,Croatia,0,0,0,0,0,0,0-0,0,0,1,0,0,1,2006,1726,40,AFC,0,1887,1399,1126,242,201,113,937,742,556,1896,9,UEFA,0,2008,1878,1783,84,37,53,302,180,174,-170,31,0,0.4352517985611511,0.4827586206896552,1.685251798561151,1.735632183908046
WC-2006,group stage,Group F,1,0,2006-06-18,Brazil,Australia,2,0,2,-2,0,0,0-0,0,0,2,1,0,0,2006,2080,1,CONMEBOL,0,2195,1982,1805,500,137,170,1762,778,807,1761,30,AFC,0,1876,1656,1475,211,123,83,908,509,417,319,-29,2,0.6195786864931846,0.5059952038369304,2.1833952912019825,2.1774580335731413
WC-2006,group stage,Group G,1,0,2006-06-18,France,South Korea,1,1,0,0,0,0,0-0,0,0,1,0,0,1,2006,2060,2,UEFA,0,2135,1759,1514,323,225,141,1248,1066,689,1680,45,AFC,0,1845,1668,1445,429,160,191,1475,714,780,380,-43,0,0.46879535558780844,0.55,1.8113207547169812,1.891025641025641
WC-2006,group stage,Group H,1,0,2006-06-19,Spain,Tunisia,3,1,2,-2,0,0,0-0,0,0,2,1,0,0,2006,1883,12,UEFA,0,2046,1922,1805,279,112,135,1003,517,526,1639,50,CAF,0,1757,1617,1439,216,173,148,756,632,537,244,-38,2,0.5304182509505704,0.4022346368715084,1.9068441064638784,1.4078212290502794
WC-2006,group stage,Group A,1,0,2006-06-20,Ecuador,Germany,0,3,-3,3,0,0,0-0,0,0,0,0,1,0,2006,1761,30,CONMEBOL,0,1805,1447,1183,101,181,95,420,649,377,1976,6,UEFA,0,2146,1893,1637,453,178,165,1777,970,796,-215,24,-3,0.26790450928381965,0.5690954773869347,1.1140583554376657,2.2324120603015074
WC-2006,group stage,Group B,1,0,2006-06-20,Sweden,England,2,2,0,0,0,0,0-0,0,0,1,0,0,1,2006,1870,13,UEFA,0,2013,1795,1579,430,257,192,1848,1222,879,1960,7,UEFA,0,2213,1987,1810,540,176,212,2241,947,928,-90,6,0,0.4891922639362912,0.5818965517241379,2.1023890784982937,2.4148706896551726
WC-2006,group stage,Group D,1,0,2006-06-21,Portugal,Mexico,2,1,1,-1,0,0,0-0,0,0,2,1,0,0,2006,1896,9,UEFA,0,2018,1764,1624,203,148,102,726,581,453,1821,19,CONCACAF,1,1958,1765,1498,340,177,162,1246,728,679,75,-10,1,0.4481236203090508,0.5007363770250368,1.6026490066225165,1.8350515463917525
WC-2006,group stage,Group C,1,0,2006-06-21,Netherlands,Argentina,0,0,0,0,0,0,0-0,0,0,1,0,0,1,2006,1989,4,UEFA,0,2109,1821,1553,324,195,148,1387,924,667,1979,5,CONMEBOL,0,2159,1981,1751,447,191,216,1616,941,854,10,-1,0,0.48575712143928035,0.5234192037470726,2.0794602698650673,1.8922716627634661
WC-2006,group stage,Group E,1,0,2006-06-22,Ghana,United States,2,1,1,-1,0,0,0-0,0,0,2,1,0,0,2006,1752,34,CAF,0,1877,1653,1424,268,143,136,917,591,547,1765,29,CONCACAF,1,1890,1613,1410,193,199,114,674,740,506,-13,5,1,0.489945155393053,0.3814229249011858,1.676416819012797,1.33201581027668
WC-2006,group stage,Group F,1,0,2006-06-22,Croatia,Australia,2,2,0,0,0,0,0-0,0,0,1,0,0,1,2006,1896,9,UEFA,0,2008,1878,1783,84,37,53,302,180,174,1761,30,AFC,0,1876,1656,1475,211,123,83,908,509,417,135,-21,0,0.4827586206896552,0.5059952038369304,1.735632183908046,2.1774580335731413
WC-2006,group stage,Group F,1,0,2006-06-22,Japan,Brazil,1,4,-3,3,0,0,0-0,0,0,0,0,1,0,2006,1726,40,AFC,0,1887,1399,1126,242,201,113,937,742,556,2080,1,CONMEBOL,0,2195,1982,1805,500,137,170,1762,778,807,-354,39,-3,0.4352517985611511,0.6195786864931846,1.685251798561151,2.1833952912019825
WC-2006,group stage,Group H,1,0,2006-06-23,Saudi Arabia,Spain,0,1,-1,1,0,0,0-0,0,0,0,0,1,0,2006,1579,61,AFC,0,1735,1471,1256,264,154,123,879,597,541,1883,12,UEFA,0,2046,1922,1805,279,112,135,1003,517,526,-304,49,-1,0.4879852125693161,0.5304182509505704,1.6247689463955637,1.9068441064638784
WC-2006,group stage,Group G,1,0,2006-06-23,Switzerland,South Korea,2,0,2,-2,0,0,0-0,0,0,2,1,0,0,2006,1846,15,UEFA,0,1917,1661,1485,218,319,146,980,1258,683,1680,45,AFC,0,1845,1668,1445,429,160,191,1475,714,780,166,-30,2,0.3191800878477306,0.55,1.4348462664714494,1.891025641025641
WC-2006,round of 16,not applicable,0,1,2006-06-24,Germany,Sweden,2,0,2,-2,0,0,0-0,0,0,2,1,0,0,2006,1976,6,UEFA,0,2146,1893,1637,453,178,165,1777,970,796,1870,13,UEFA,0,2013,1795,1579,430,257,192,1848,1222,879,106,-7,2,0.5690954773869347,0.4891922639362912,2.2324120603015074,2.1023890784982937
WC-2006,round of 16,not applicable,0,1,2006-06-24,Argentina,Mexico,2,1,1,-1,1,0,0-0,0,0,2,1,0,0,2006,1979,5,CONMEBOL,0,2159,1981,1751,447,191,216,1616,941,854,1821,19,CONCACAF,1,1958,1765,1498,340,177,162,1246,728,679,158,-14,1,0.5234192037470726,0.5007363770250368,1.8922716627634661,1.8350515463917525
WC-2006,round of 16,not applicable,0,1,2006-06-25,England,Ecuador,1,0,1,-1,0,0,0-0,0,0,2,1,0,0,2006,1960,7,UEFA,0,2213,1987,1810,540,176,212,2241,947,928,1761,30,CONMEBOL,0,1805,1447,1183,101,181,95,420,649,377,199,-23,1,0.5818965517241379,0.26790450928381965,2.4148706896551726,1.1140583554376657
WC-2006,round of 16,not applicable,0,1,2006-06-25,Portugal,Netherlands,1,0,1,-1,0,0,0-0,0,0,2,1,0,0,2006,1896,9,UEFA,0,2018,1764,1624,203,148,102,726,581,453,1989,4,UEFA,0,2109,1821,1553,324,195,148,1387,924,667,-93,5,1,0.4481236203090508,0.48575712143928035,1.6026490066225165,2.0794602698650673
WC-2006,round of 16,not applicable,0,1,2006-06-27,Brazil,Ghana,3,0,3,-3,0,0,0-0,0,0,2,1,0,0,2006,2080,1,CONMEBOL,0,2195,1982,1805,500,137,170,1762,778,807,1752,34,CAF,0,1877,1653,1424,268,143,136,917,591,547,328,-33,3,0.6195786864931846,0.489945155393053,2.1833952912019825,1.676416819012797
WC-2006,round of 16,not applicable,0,1,2006-06-27,Spain,France,1,3,-2,2,0,0,0-0,0,0,0,0,1,0,2006,1883,12,UEFA,0,2046,1922,1805,279,112,135,1003,517,526,2060,2,UEFA,0,2135,1759,1514,323,225,141,1248,1066,689,-177,10,-2,0.5304182509505704,0.46879535558780844,1.9068441064638784,1.8113207547169812
WC-2006,quarter-finals,not applicable,0,1,2006-06-30,Germany,Argentina,1,1,0,0,1,1,42,4,2,2,1,0,0,2006,1976,6,UEFA,0,2146,1893,1637,453,178,165,1777,970,796,1979,5,CONMEBOL,0,2159,1981,1751,447,191,216,1616,941,854,-3,1,0,0.5690954773869347,0.5234192037470726,2.2324120603015074,1.8922716627634661
WC-2006,quarter-finals,not applicable,0,1,2006-07-01,England,Portugal,0,0,0,0,1,1,13,1,3,0,0,1,0,2006,1960,7,UEFA,0,2213,1987,1810,540,176,212,2241,947,928,1896,9,UEFA,0,2018,1764,1624,203,148,102,726,581,453,64,-2,0,0.5818965517241379,0.4481236203090508,2.4148706896551726,1.6026490066225165
WC-2006,quarter-finals,not applicable,0,1,2006-07-01,Brazil,France,0,1,-1,1,0,0,0-0,0,0,0,0,1,0,2006,2080,1,CONMEBOL,0,2195,1982,1805,500,137,170,1762,778,807,2060,2,UEFA,0,2135,1759,1514,323,225,141,1248,1066,689,20,-1,-1,0.6195786864931846,0.46879535558780844,2.1833952912019825,1.8113207547169812
WC-2006,semi-finals,not applicable,0,1,2006-07-05,Portugal,France,0,1,-1,1,0,0,0-0,0,0,0,0,1,0,2006,1896,9,UEFA,0,2018,1764,1624,203,148,102,726,581,453,2060,2,UEFA,0,2135,1759,1514,323,225,141,1248,1066,689,-164,7,-1,0.4481236203090508,0.46879535558780844,1.6026490066225165,1.8113207547169812
WC-2006,third-place match,not applicable,0,1,2006-07-08,Germany,Portugal,3,1,2,-2,0,0,0-0,0,0,2,1,0,0,2006,1976,6,UEFA,0,2146,1893,1637,453,178,165,1777,970,796,1896,9,UEFA,0,2018,1764,1624,203,148,102,726,581,453,80,-3,2,0.5690954773869347,0.4481236203090508,2.2324120603015074,1.6026490066225165
WC-2010,group stage,Group A,1,0,2010-06-11,South Africa,Mexico,1,1,0,0,0,0,0-0,0,0,1,0,0,1,2010,1606,58,CAF,0,1847,1729,1448,142,105,74,447,382,321,1845,11,CONCACAF,1,1958,1769,1498,384,199,175,1388,805,758,-239,47,0,0.4423676012461059,0.5065963060686016,1.3925233644859814,1.8311345646437995
WC-2010,group stage,Group A,1,0,2010-06-11,Uruguay,France,0,0,0,0,0,0,0-0,0,0,1,0,0,1,2010,1891,10,CONMEBOL,0,2104,1870,1636,357,275,202,1326,1076,834,1802,17,UEFA,0,2135,1766,1514,348,239,153,1311,1108,740,89,-7,0,0.42805755395683454,0.4702702702702703,1.589928057553957,1.7716216216216216
WC-2010,group stage,Group C,1,0,2010-06-12,England,United States,1,1,0,0,0,0,0-0,0,0,1,0,0,1,2010,1924,6,UEFA,0,2213,1986,1810,568,186,219,2336,985,973,1767,23,CONCACAF,1,1890,1620,1410,231,220,124,794,823,575,157,-17,0,0.5837615621788284,0.4017391304347826,2.4008221993833505,1.3808695652173912
WC-2010,group stage,Group D,1,0,2010-06-13,Germany,Australia,4,0,4,-4,0,0,0-0,0,0,2,1,0,0,2010,2067,4,UEFA,0,2146,1896,1637,491,187,174,1903,1012,852,1775,22,AFC,0,1876,1660,1475,235,135,95,967,550,465,292,-18,4,0.5762910798122066,0.5053763440860215,2.233568075117371,2.0795698924731183
WC-2010,group stage,Group G,1,0,2010-06-15,Ivory Coast,Portugal,0,0,0,0,0,0,0-0,0,0,1,0,0,1,2010,1712,35,CAF,0,1839,1629,1476,250,135,131,830,545,516,1898,8,UEFA,0,2018,1769,1624,230,156,117,817,620,503,-186,27,0,0.4844961240310077,0.4572564612326044,1.6085271317829457,1.6242544731610338
WC-2010,group stage,Group H,1,0,2010-06-16,Spain,Switzerland,0,1,-1,1,0,0,0-0,0,0,0,0,1,0,2010,2115,1,UEFA,0,2164,1928,1805,332,116,139,1136,555,587,1753,25,UEFA,0,1917,1667,1485,236,335,156,1039,1307,727,362,-24,-1,0.565587734241908,0.3246217331499312,1.9352640545144804,1.4291609353507566
WC-2010,group stage,Group A,1,0,2010-06-16,South Africa,Uruguay,0,3,-3,3,0,0,0-0,0,0,0,0,1,0,2010,1606,58,CAF,0,1847,1729,1448,142,105,74,447,382,321,1891,10,CONMEBOL,0,2104,1870,1636,357,275,202,1326,1076,834,-285,48,-3,0.4423676012461059,0.42805755395683454,1.3925233644859814,1.589928057553957
WC-2010,group stage,Group B,1,0,2010-06-17,Argentina,South Korea,4,1,3,-3,0,0,0-0,0,0,2,1,0,0,2010,1993,5,CONMEBOL,0,2159,1980,1751,483,202,224,1717,990,909,1740,28,AFC,0,1845,1671,1445,457,172,211,1555,761,840,253,-23,3,0.5313531353135313,0.544047619047619,1.8888888888888888,1.8511904761904763
WC-2010,group stage,Group A,1,0,2010-06-17,France,Mexico,0,2,-2,2,0,0,0-0,0,0,0,0,1,0,2010,1802,17,UEFA,0,2135,1766,1514,348,239,153,1311,1108,740,1845,11,CONCACAF,1,1958,1769,1498,384,199,175,1388,805,758,-43,6,-2,0.4702702702702703,0.5065963060686016,1.7716216216216216,1.8311345646437995
WC-2010,group stage,Group C,1,0,2010-06-18,England,Algeria,0,0,0,0,0,0,0-0,0,0,1,0,0,1,2010,1924,6,UEFA,0,2213,1986,1810,568,186,219,2336,985,973,1461,98,CAF,0,1773,1618,1386,198,165,146,682,547,509,463,-92,0,0.5837615621788284,0.3889980353634578,2.4008221993833505,1.3398821218074657
WC-2010,group stage,Group E,1,0,2010-06-19,Netherlands,Japan,1,0,1,-1,0,0,0-0,0,0,2,1,0,0,2010,2104,2,UEFA,0,2126,1829,1553,364,201,157,1496,961,722,1785,18,AFC,0,1887,1414,1126,278,213,133,1051,795,624,319,-16,1,0.5041551246537396,0.44551282051282054,2.07202216066482,1.6842948717948718
WC-2010,group stage,Group D,1,0,2010-06-19,Ghana,Australia,1,1,0,0,0,0,0-0,0,0,1,0,0,1,2010,1741,27,CAF,0,1877,1658,1424,294,160,148,991,646,602,1775,22,AFC,0,1876,1660,1475,235,135,95,967,550,465,-34,5,0,0.4883720930232558,0.5053763440860215,1.6461794019933556,2.0795698924731183
WC-2010,group stage,Group G,1,0,2010-06-20,Brazil,Ivory Coast,3,1,2,-2,0,0,0-0,0,0,2,1,0,0,2010,2095,3,CONMEBOL,0,2195,1986,1805,540,144,181,1882,817,865,1712,35,CAF,0,1839,1629,1476,250,135,131,830,545,516,383,-32,2,0.6242774566473989,0.4844961240310077,2.175722543352601,1.6085271317829457
WC-2010,group stage,Group A,1,0,2010-06-22,France,South Africa,1,2,-1,1,0,0,0-0,0,0,0,0,1,0,2010,1802,17,UEFA,0,2135,1766,1514,348,239,153,1311,1108,740,1606,58,CAF,0,1847,1729,1448,142,105,74,447,382,321,196,-41,-1,0.4702702702702703,0.4423676012461059,1.7716216216216216,1.3925233644859814
WC-2010,group stage,Group A,1,0,2010-06-22,Mexico,Uruguay,0,1,-1,1,0,0,0-0,0,0,0,0,1,0,2010,1845,11,CONCACAF,1,1958,1769,1498,384,199,175,1388,805,758,1891,10,CONMEBOL,0,2104,1870,1636,357,275,202,1326,1076,834,-46,1,-1,0.5065963060686016,0.42805755395683454,1.8311345646437995,1.589928057553957
WC-2010,group stage,Group C,1,0,2010-06-23,United States,Algeria,1,0,1,-1,0,0,0-0,0,0,2,1,0,0,2010,1767,23,CONCACAF,1,1890,1620,1410,231,220,124,794,823,575,1461,98,CAF,0,1773,1618,1386,198,165,146,682,547,509,306,-75,1,0.4017391304347826,0.3889980353634578,1.3808695652173912,1.3398821218074657
WC-2010,group stage,Group D,1,0,2010-06-23,Ghana,Germany,0,1,-1,1,0,0,0-0,0,0,0,0,1,0,2010,1741,27,CAF,0,1877,1658,1424,294,160,148,991,646,602,2067,4,UEFA,0,2146,1896,1637,491,187,174,1903,1012,852,-326,23,-1,0.4883720930232558,0.5762910798122066,1.6461794019933556,2.233568075117371
WC-2010,group stage,Group F,1,0,2010-06-24,Paraguay,New Zealand,0,0,0,0,0,0,0-0,0,0,1,0,0,1,2010,1784,19,CONMEBOL,0,1956,1758,1619,231,235,160,837,896,626,1570,69,OFC,0,1640,1493,1334,137,139,59,604,529,335,214,-50,0,0.36900958466453676,0.408955223880597,1.3370607028753994,1.8029850746268656
WC-2010,group stage,Group G,1,0,2010-06-25,Portugal,Brazil,0,0,0,0,0,0,0-0,0,0,1,0,0,1,2010,1898,8,UEFA,0,2018,1769,1624,230,156,117,817,620,503,2095,3,CONMEBOL,0,2195,1986,1805,540,144,181,1882,817,865,-197,5,0,0.4572564612326044,0.6242774566473989,1.6242544731610338,2.175722543352601
WC-2010,round of 16,not applicable,0,1,2010-06-26,Uruguay,South Korea,2,1,1,-1,0,0,0-0,0,0,2,1,0,0,2010,1891,10,CONMEBOL,0,2104,1870,1636,357,275,202,1326,1076,834,1740,28,AFC,0,1845,1671,1445,457,172,211,1555,761,840,151,-18,1,0.42805755395683454,0.544047619047619,1.589928057553957,1.8511904761904763
WC-2010,round of 16,not applicable,0,1,2010-06-26,United States,Ghana,1,2,-1,1,1,0,0-0,0,0,0,0,1,0,2010,1767,23,CONCACAF,1,1890,1620,1410,231,220,124,794,823,575,1741,27,CAF,0,1877,1658,1424,294,160,148,991,646,602,26,-4,-1,0.4017391304347826,0.4883720930232558,1.3808695652173912,1.6461794019933556
WC-2010,round of 16,not applicable,0,1,2010-06-27,Germany,England,4,1,3,-3,0,0,0-0,0,0,2,1,0,0,2010,2067,4,UEFA,0,2146,1896,1637,491,187,174,1903,1012,852,1924,6,UEFA,0,2213,1986,1810,568,186,219,2336,985,973,143,-2,3,0.5762910798122066,0.5837615621788284,2.233568075117371,2.4008221993833505
WC-2010,round of 16,not applicable,0,1,2010-06-27,Argentina,Mexico,3,1,2,-2,0,0,0-0,0,0,2,1,0,0,2010,1993,5,CONMEBOL,0,2159,1980,1751,483,202,224,1717,990,909,1845,11,CONCACAF,1,1958,1769,1498,384,199,175,1388,805,758,148,-6,2,0.5313531353135313,0.5065963060686016,1.8888888888888888,1.8311345646437995
WC-2010,round of 16,not applicable,0,1,2010-06-29,Paraguay,Japan,0,0,0,0,1,1,53,5,3,2,1,0,0,2010,1784,19,CONMEBOL,0,1956,1758,1619,231,235,160,837,896,626,1785,18,AFC,0,1887,1414,1126,278,213,133,1051,795,624,-1,1,0,0.36900958466453676,0.44551282051282054,1.3370607028753994,1.6842948717948718
WC-2010,round of 16,not applicable,0,1,2010-06-29,Spain,Portugal,1,0,1,-1,0,0,0-0,0,0,2,1,0,0,2010,2115,1,UEFA,0,2164,1928,1805,332,116,139,1136,555,587,1898,8,UEFA,0,2018,1769,1624,230,156,117,817,620,503,217,-7,1,0.565587734241908,0.4572564612326044,1.9352640545144804,1.6242544731610338
WC-2010,quarter-finals,not applicable,0,1,2010-07-02,Netherlands,Brazil,2,1,1,-1,0,0,0-0,0,0,2,1,0,0,2010,2104,2,UEFA,0,2126,1829,1553,364,201,157,1496,961,722,2095,3,CONMEBOL,0,2195,1986,1805,540,144,181,1882,817,865,9,-1,1,0.5041551246537396,0.6242774566473989,2.07202216066482,2.175722543352601
WC-2010,quarter-finals,not applicable,0,1,2010-07-02,Uruguay,Ghana,1,1,0,0,1,1,42,4,2,2,1,0,0,2010,1891,10,CONMEBOL,0,2104,1870,1636,357,275,202,1326,1076,834,1741,27,CAF,0,1877,1658,1424,294,160,148,991,646,602,150,-17,0,0.42805755395683454,0.4883720930232558,1.589928057553957,1.6461794019933556
WC-2010,quarter-finals,not applicable,0,1,2010-07-03,Argentina,Germany,0,4,-4,4,0,0,0-0,0,0,0,0,1,0,2010,1993,5,CONMEBOL,0,2159,1980,1751,483,202,224,1717,990,909,2067,4,UEFA,0,2146,1896,1637,491,187,174,1903,1012,852,-74,1,-4,0.5313531353135313,0.5762910798122066,1.8888888888888888,2.233568075117371
WC-2010,quarter-finals,not applicable,0,1,2010-07-03,Paraguay,Spain,0,1,-1,1,0,0,0-0,0,0,0,0,1,0,2010,1784,19,CONMEBOL,0,1956,1758,1619,231,235,160,837,896,626,2115,1,UEFA,0,2164,1928,1805,332,116,139,1136,555,587,-331,18,-1,0.36900958466453676,0.565587734241908,1.3370607028753994,1.9352640545144804
WC-2010,semi-finals,not applicable,0,1,2010-07-06,Uruguay,Netherlands,2,3,-1,1,0,0,0-0,0,0,0,0,1,0,2010,1891,10,CONMEBOL,0,2104,1870,1636,357,275,202,1326,1076,834,2104,2,UEFA,0,2126,1829,1553,364,201,157,1496,961,722,-213,8,-1,0.42805755395683454,0.5041551246537396,1.589928057553957,2.07202216066482
WC-2010,semi-finals,not applicable,0,1,2010-07-07,Germany,Spain,0,1,-1,1,0,0,0-0,0,0,0,0,1,0,2010,2067,4,UEFA,0,2146,1896,1637,491,187,174,1903,1012,852,2115,1,UEFA,0,2164,1928,1805,332,116,139,1136,555,587,-48,3,-1,0.5762910798122066,0.565587734241908,2.233568075117371,1.9352640545144804
WC-2010,third-place match,not applicable,0,1,2010-07-10,Uruguay,Germany,2,3,-1,1,0,0,0-0,0,0,0,0,1,0,2010,1891,10,CONMEBOL,0,2104,1870,1636,357,275,202,1326,1076,834,2067,4,UEFA,0,2146,1896,1637,491,187,174,1903,1012,852,-176,6,-1,0.42805755395683454,0.5762910798122066,1.589928057553957,2.233568075117371
WC-2010,final,not applicable,0,1,2010-07-11,Netherlands,Spain,0,1,-1,1,1,0,0-0,0,0,0,0,1,0,2010,2104,2,UEFA,0,2126,1829,1553,364,201,157,1496,961,722,2115,1,UEFA,0,2164,1928,1805,332,116,139,1136,555,587,-11,1,-1,0.5041551246537396,0.565587734241908,2.07202216066482,1.9352640545144804
WC-2014,group stage,Group A,1,0,2014-06-12,Brazil,Croatia,3,1,2,-2,0,0,0-0,0,0,2,1,0,0,2014,2041,3,CONMEBOL,0,2195,1989,1805,583,153,193,2025,869,929,1824,17,UEFA,0,2008,1878,1783,138,53,72,457,262,263,217,-14,2,0.6275565123789021,0.5247148288973384,2.1797631862217437,1.7376425855513309
WC-2014,group stage,Group B,1,0,2014-06-13,Spain,Netherlands,1,5,-4,4,0,0,0-0,0,0,0,0,1,0,2014,1952,8,UEFA,0,2164,1935,1805,373,125,146,1266,594,644,2029,4,UEFA,0,2153,1837,1553,393,213,169,1615,1011,775,-77,4,-4,0.5791925465838509,0.5070967741935484,1.9658385093167703,2.0838709677419356
WC-2014,group stage,Group C,1,0,2014-06-14,Ivory Coast,Japan,2,1,1,-1,0,0,0-0,0,0,2,1,0,0,2014,1688,36,CAF,0,1863,1638,1476,280,143,142,931,599,565,1728,29,AFC,0,1887,1429,1126,310,228,145,1162,866,683,-40,7,1,0.49557522123893805,0.4538799414348463,1.647787610619469,1.7013177159590045
WC-2014,group stage,Group E,1,0,2014-06-15,Switzerland,Ecuador,2,1,1,-1,0,0,0-0,0,0,2,1,0,0,2014,1791,21,UEFA,0,1917,1671,1485,257,343,166,1102,1345,766,1847,16,CONMEBOL,0,1882,1480,1183,135,216,122,557,774,473,-56,5,1,0.33550913838120106,0.2854122621564482,1.4386422976501305,1.1775898520084567
WC-2014,group stage,Group F,1,0,2014-06-15,Argentina,Bosnia and Herzegovina,2,1,1,-1,0,0,0-0,0,0,2,1,0,0,2014,2050,2,CONMEBOL,0,2159,1981,1751,517,211,240,1830,1044,968,1710,35,UEFA,0,1806,1612,1499,66,70,36,250,241,172,340,-33,1,0.5340909090909091,0.38372093023255816,1.890495867768595,1.4534883720930232
WC-2014,group stage,Group G,1,0,2014-06-16,Germany,Portugal,4,0,4,-4,0,0,0-0,0,0,2,1,0,0,2014,2133,1,UEFA,0,2223,1903,1637,528,195,185,2043,1081,908,1910,10,UEFA,0,2018,1775,1624,256,166,129,902,669,551,223,-9,4,0.5814977973568282,0.4646098003629764,2.25,1.6370235934664248
WC-2014,group stage,Group G,1,0,2014-06-16,Ghana,United States,1,2,-1,1,0,0,0-0,0,0,0,0,1,0,2014,1678,40,CAF,0,1877,1661,1424,322,175,161,1089,700,658,1813,19,CONCACAF,1,1890,1627,1410,268,239,137,904,899,644,-135,21,-1,0.48936170212765956,0.4161490683229814,1.655015197568389,1.4037267080745341
WC-2014,group stage,Group H,1,0,2014-06-17,Belgium,Algeria,2,1,1,-1,0,0,0-0,0,0,2,1,0,0,2014,1897,12,UEFA,0,1961,1732,1503,302,280,160,1269,1238,742,1672,44,CAF,0,1773,1614,1386,223,174,151,747,582,548,225,-32,1,0.40700808625336926,0.40693430656934304,1.710242587601078,1.3631386861313868
WC-2014,group stage,Group A,1,0,2014-06-17,Brazil,Mexico,0,0,0,0,0,0,0-0,0,0,1,0,0,1,2014,2041,3,CONMEBOL,0,2195,1989,1805,583,153,193,2025,869,929,1892,13,CONCACAF,1,1958,1773,1498,423,216,190,1510,865,829,149,-10,0,0.6275565123789021,0.5102533172496985,2.1797631862217437,1.8214716525934862
WC-2014,group stage,Group B,1,0,2014-06-18,Australia,Netherlands,2,3,-1,1,0,0,0-0,0,0,0,0,1,0,2014,1652,49,AFC,0,1876,1665,1475,259,153,106,1064,617,518,2029,4,UEFA,0,2153,1837,1553,393,213,169,1615,1011,775,-377,45,-1,0.5,0.5070967741935484,2.054054054054054,2.0838709677419356
WC-2014,group stage,Group C,1,0,2014-06-19,Colombia,Ivory Coast,2,1,1,-1,0,0,0-0,0,0,2,1,0,0,2014,2019,5,CONMEBOL,0,2034,1571,1304,199,178,137,641,626,514,1688,36,CAF,0,1863,1638,1476,280,143,142,931,599,565,331,-31,1,0.38715953307393,0.49557522123893805,1.2470817120622568,1.647787610619469
WC-2014,group stage,Group D,1,0,2014-06-19,Uruguay,England,2,1,1,-1,0,0,0-0,0,0,2,1,0,0,2014,1907,11,CONMEBOL,0,2104,1871,1636,385,287,218,1422,1140,890,1923,9,UEFA,0,2213,1984,1810,595,192,233,2426,1023,1020,-16,2,1,0.43258426966292135,0.5833333333333334,1.597752808988764,2.3784313725490196
WC-2014,group stage,Group E,1,0,2014-06-20,Switzerland,France,2,5,-3,3,0,0,0-0,0,0,0,0,1,0,2014,1791,21,UEFA,0,1917,1671,1485,257,343,166,1102,1345,766,1965,6,UEFA,0,2135,1770,1514,378,248,168,1403,1144,794,-174,15,-3,0.33550913838120106,0.4760705289672544,1.4386422976501305,1.7670025188916876
WC-2014,group stage,Group F,1,0,2014-06-21,Argentina,Iran,1,0,1,-1,0,0,0-0,0,0,2,1,0,0,2014,2050,2,CONMEBOL,0,2159,1981,1751,517,211,240,1830,1044,968,1673,42,AFC,0,1842,1638,1450,294,114,129,997,438,537,377,-40,1,0.5340909090909091,0.547486033519553,1.890495867768595,1.856610800744879
WC-2014,group stage,Group G,1,0,2014-06-21,Germany,Ghana,2,2,0,0,0,0,0-0,0,0,1,0,0,1,2014,2133,1,UEFA,0,2223,1903,1637,528,195,185,2043,1081,908,1678,40,CAF,0,1877,1661,1424,322,175,161,1089,700,658,455,-39,0,0.5814977973568282,0.48936170212765956,2.25,1.655015197568389
WC-2014,group stage,Group H,1,0,2014-06-22,South Korea,Algeria,2,4,-2,2,0,0,0-0,0,0,0,0,1,0,2014,1633,54,AFC,0,1845,1674,1445,482,192,222,1638,833,896,1672,44,CAF,0,1773,1614,1386,223,174,151,747,582,548,-39,10,-2,0.5379464285714286,0.40693430656934304,1.828125,1.3631386861313868
WC-2014,group stage,Group G,1,0,2014-06-22,United States,Portugal,2,2,0,0,0,0,0-0,0,0,1,0,0,1,2014,1813,19,CONCACAF,1,1890,1627,1410,268,239,137,904,899,644,1910,10,UEFA,0,2018,1775,1624,256,166,129,902,669,551,-97,9,0,0.4161490683229814,0.4646098003629764,1.4037267080745341,1.6370235934664248
WC-2014,group stage,Group B,1,0,2014-06-23,Australia,Spain,0,3,-3,3,0,0,0-0,0,0,0,0,1,0,2014,1652,49,AFC,0,1876,1665,1475,259,153,106,1064,617,518,1952,8,UEFA,0,2164,1935,1805,373,125,146,1266,594,644,-300,41,-3,0.5,0.5791925465838509,2.054054054054054,1.9658385093167703
WC-2014,group stage,Group A,1,0,2014-06-23,Croatia,Mexico,1,3,-2,2,0,0,0-0,0,0,0,0,1,0,2014,1824,17,UEFA,0,2008,1878,1783,138,53,72,457,262,263,1892,13,CONCACAF,1,1958,1773,1498,423,216,190,1510,865,829,-68,4,-2,0.5247148288973384,0.5102533172496985,1.7376425855513309,1.8214716525934862
WC-2014,group stage,Group C,1,0,2014-06-24,Japan,Colombia,1,4,-3,3,0,0,0-0,0,0,0,0,1,0,2014,1728,29,AFC,0,1887,1429,1126,310,228,145,1162,866,683,2019,5,CONMEBOL,0,2034,1571,1304,199,178,137,641,626,514,-291,24,-3,0.4538799414348463,0.38715953307393,1.7013177159590045,1.2470817120622568
WC-2014,group stage,Group F,1,0,2014-06-25,Bosnia and Herzegovina,Iran,3,1,2,-2,0,0,0-0,0,0,2,1,0,0,2014,1710,35,UEFA,0,1806,1612,1499,66,70,36,250,241,172,1673,42,AFC,0,1842,1638,1450,294,114,129,997,438,537,37,-7,2,0.38372093023255816,0.547486033519553,1.4534883720930232,1.856610800744879
WC-2014,group stage,Group E,1,0,2014-06-25,Ecuador,France,0,0,0,0,0,0,0-0,0,0,1,0,0,1,2014,1847,16,CONMEBOL,0,1882,1480,1183,135,216,122,557,774,473,1965,6,UEFA,0,2135,1770,1514,378,248,168,1403,1144,794,-118,10,0,0.2854122621564482,0.4760705289672544,1.1775898520084567,1.7670025188916876
WC-2014,group stage,Group G,1,0,2014-06-26,Portugal,Ghana,2,1,1,-1,0,0,0-0,0,0,2,1,0,0,2014,1910,10,UEFA,0,2018,1775,1624,256,166,129,902,669,551,1678,40,CAF,0,1877,1661,1424,322,175,161,1089,700,658,232,-30,1,0.4646098003629764,0.48936170212765956,1.6370235934664248,1.655015197568389
WC-2014,group stage,Group G,1,0,2014-06-26,United States,Germany,0,1,-1,1,0,0,0-0,0,0,0,0,1,0,2014,1813,19,CONCACAF,1,1890,1627,1410,268,239,137,904,899,644,2133,1,UEFA,0,2223,1903,1637,528,195,185,2043,1081,908,-320,18,-1,0.4161490683229814,0.5814977973568282,1.4037267080745341,2.25
WC-2014,group stage,Group H,1,0,2014-06-26,South Korea,Belgium,0,1,-1,1,0,0,0-0,0,0,0,0,1,0,2014,1633,54,AFC,0,1845,1674,1445,482,192,222,1638,833,896,1897,12,UEFA,0,1961,1732,1503,302,280,160,1269,1238,742,-264,42,-1,0.5379464285714286,0.40700808625336926,1.828125,1.710242587601078
WC-2014,round of 16,not applicable,0,1,2014-06-28,Colombia,Uruguay,2,0,2,-2,0,0,0-0,0,0,2,1,0,0,2014,2019,5,CONMEBOL,0,2034,1571,1304,199,178,137,641,626,514,1907,11,CONMEBOL,0,2104,1871,1636,385,287,218,1422,1140,890,112,-6,2,0.38715953307393,0.43258426966292135,1.2470817120622568,1.597752808988764
WC-2014,round of 16,not applicable,0,1,2014-06-29,Netherlands,Mexico,2,1,1,-1,0,0,0-0,0,0,2,1,0,0,2014,2029,4,UEFA,0,2153,1837,1553,393,213,169,1615,1011,775,1892,13,CONCACAF,1,1958,1773,1498,423,216,190,1510,865,829,137,-9,1,0.5070967741935484,0.5102533172496985,2.0838709677419356,1.8214716525934862
WC-2014,round of 16,not applicable,0,1,2014-06-30,Germany,Algeria,2,1,1,-1,1,0,0-0,0,0,2,1,0,0,2014,2133,1,UEFA,0,2223,1903,1637,528,195,185,2043,1081,908,1672,44,CAF,0,1773,1614,1386,223,174,151,747,582,548,461,-43,1,0.5814977973568282,0.40693430656934304,2.25,1.3631386861313868
WC-2014,round of 16,not applicable,0,1,2014-07-01,Argentina,Switzerland,1,0,1,-1,1,0,0-0,0,0,2,1,0,0,2014,2050,2,CONMEBOL,0,2159,1981,1751,517,211,240,1830,1044,968,1791,21,UEFA,0,1917,1671,1485,257,343,166,1102,1345,766,259,-19,1,0.5340909090909091,0.33550913838120106,1.890495867768595,1.4386422976501305
WC-2014,round of 16,not applicable,0,1,2014-07-01,Belgium,United States,2,1,1,-1,1,0,0-0,0,0,2,1,0,0,2014,1897,12,UEFA,0,1961,1732,1503,302,280,160,1269,1238,742,1813,19,CONCACAF,1,1890,1627,1410,268,239,137,904,899,644,84,-7,1,0.40700808625336926,0.4161490683229814,1.710242587601078,1.4037267080745341
WC-2014,quarter-finals,not applicable,0,1,2014-07-04,France,Germany,0,1,-1,1,0,0,0-0,0,0,0,0,1,0,2014,1965,6,UEFA,0,2135,1770,1514,378,248,168,1403,1144,794,2133,1,UEFA,0,2223,1903,1637,528,195,185,2043,1081,908,-168,5,-1,0.4760705289672544,0.5814977973568282,1.7670025188916876,2.25
WC-2014,quarter-finals,not applicable,0,1,2014-07-04,Brazil,Colombia,2,1,1,-1,0,0,0-0,0,0,2,1,0,0,2014,2041,3,CONMEBOL,0,2195,1989,1805,583,153,193,2025,869,929,2019,5,CONMEBOL,0,2034,1571,1304,199,178,137,641,626,514,22,-2,1,0.6275565123789021,0.38715953307393,2.1797631862217437,1.2470817120622568
WC-2014,quarter-finals,not applicable,0,1,2014-07-05,Argentina,Belgium,1,0,1,-1,0,0,0-0,0,0,2,1,0,0,2014,2050,2,CONMEBOL,0,2159,1981,1751,517,211,240,1830,1044,968,1897,12,UEFA,0,1961,1732,1503,302,280,160,1269,1238,742,153,-10,1,0.5340909090909091,0.40700808625336926,1.890495867768595,1.710242587601078
WC-2014,semi-finals,not applicable,0,1,2014-07-08,Brazil,Germany,1,7,-6,6,0,0,0-0,0,0,0,0,1,0,2014,2041,3,CONMEBOL,0,2195,1989,1805,583,153,193,2025,869,929,2133,1,UEFA,0,2223,1903,1637,528,195,185,2043,1081,908,-92,2,-6,0.6275565123789021,0.5814977973568282,2.1797631862217437,2.25
WC-2014,semi-finals,not applicable,0,1,2014-07-09,Netherlands,Argentina,0,0,0,0,1,1,24,2,4,0,0,1,0,2014,2029,4,UEFA,0,2153,1837,1553,393,213,169,1615,1011,775,2050,2,CONMEBOL,0,2159,1981,1751,517,211,240,1830,1044,968,-21,2,0,0.5070967741935484,0.5340909090909091,2.0838709677419356,1.890495867768595
WC-2014,third-place match,not applicable,0,1,2014-07-12,Brazil,Netherlands,0,3,-3,3,0,0,0-0,0,0,0,0,1,0,2014,2041,3,CONMEBOL,0,2195,1989,1805,583,153,193,2025,869,929,2029,4,UEFA,0,2153,1837,1553,393,213,169,1615,1011,775,12,-1,-3,0.6275565123789021,0.5070967741935484,2.1797631862217437,2.0838709677419356
WC-2014,final,not applicable,0,1,2014-07-13,Germany,Argentina,1,0,1,-1,1,0,0-0,0,0,2,1,0,0,2014,2133,1,UEFA,0,2223,1903,1637,528,195,185,2043,1081,908,2050,2,CONMEBOL,0,2159,1981,1751,517,211,240,1830,1044,968,83,-1,1,0.5814977973568282,0.5340909090909091,2.25,1.890495867768595
WC-2018,group stage,Group A,1,0,2018-06-15,Egypt,Uruguay,0,1,-1,1,0,0,0-0,0,0,0,0,1,0,2018,1613,53,CAF,0,1872,1664,1527,394,204,195,1408,863,793,1921,11,CONMEBOL,0,2104,1873,1636,408,305,224,1493,1190,937,-308,42,-1,0.4968474148802018,0.43543223052294555,1.7755359394703658,1.5933831376734258
WC-2018,group stage,Group B,1,0,2018-06-15,Morocco,Iran,0,1,-1,1,0,0,0-0,0,0,0,0,1,0,2018,1728,37,CAF,0,1807,1645,1510,295,154,177,914,562,626,1823,19,AFC,0,1842,1645,1450,328,119,141,1090,466,588,-95,18,-1,0.4712460063897764,0.5578231292517006,1.4600638977635783,1.8537414965986394
WC-2018,group stage,Group B,1,0,2018-06-15,Portugal,Spain,3,3,0,0,0,0,0-0,0,0,1,0,0,1,2018,1958,8,UEFA,0,2018,1781,1624,290,175,143,1013,713,608,2010,4,UEFA,0,2164,1938,1805,404,131,157,1380,632,692,-52,4,0,0.4769736842105263,0.5838150289017341,1.6661184210526316,1.9942196531791907
WC-2018,group stage,Group C,1,0,2018-06-16,France,Australia,2,1,1,-1,0,0,0-0,0,0,2,1,0,0,2018,2092,2,UEFA,0,2135,1777,1514,416,257,177,1511,1198,850,1736,35,AFC,0,1876,1667,1475,284,163,119,1160,664,566,356,-33,1,0.4894117647058824,0.5017667844522968,1.7776470588235294,2.049469964664311
WC-2018,group stage,Group F,1,0,2018-06-17,Germany,Mexico,0,1,-1,1,0,0,0-0,0,0,0,0,1,0,2018,1937,9,UEFA,0,2223,1909,1637,558,207,196,2154,1131,961,1779,22,CONCACAF,1,1985,1778,1498,465,234,208,1625,948,907,158,-13,-1,0.5806451612903226,0.5126791620727673,2.2414151925078043,1.7916207276736493
WC-2018,group stage,Group E,1,0,2018-06-17,Brazil,Switzerland,1,1,0,0,0,0,0-0,0,0,1,0,0,1,2018,2136,1,CONMEBOL,0,2195,1992,1805,621,158,202,2129,893,981,1921,11,UEFA,0,1929,1677,1485,284,353,174,1186,1383,811,215,-10,0,0.6330275229357798,0.35018495684340323,2.1702344546381243,1.4623921085080147
WC-2018,group stage,Group F,1,0,2018-06-18,Sweden,South Korea,1,0,1,-1,0,0,0-0,0,0,2,1,0,0,2018,1850,18,UEFA,0,2013,1796,1579,505,306,224,2084,1378,1035,1778,23,AFC,0,1845,1679,1445,516,205,237,1737,885,958,72,-5,1,0.48792270531400966,0.5386221294363257,2.013526570048309,1.813152400835073
WC-2018,group stage,Group G,1,0,2018-06-18,Belgium,Panama,3,0,3,-3,0,0,0-0,0,0,2,1,0,0,2018,2034,3,UEFA,0,2082,1739,1503,339,287,167,1403,1287,793,1566,65,CONCACAF,0,1753,1337,1154,149,217,120,575,770,486,468,-62,3,0.4274905422446406,0.3065843621399177,1.7692307692307692,1.183127572016461
WC-2018,group stage,Group G,1,0,2018-06-18,Tunisia,England,1,2,-1,1,0,0,0-0,0,0,0,0,1,0,2018,1646,48,CAF,0,1757,1613,1439,276,207,191,962,771,674,1959,7,UEFA,0,2213,1983,1810,625,201,245,2512,1062,1071,-313,41,-1,0.4094955489614243,0.5835667600373483,1.427299703264095,2.3454715219421103
WC-2018,group stage,Group H,1,0,2018-06-19,Colombia,Japan,1,2,-1,1,0,0,0-0,0,0,0,0,1,0,2018,1960,6,CONMEBOL,0,2034,1590,1304,222,189,152,713,669,563,1730,36,AFC,0,1887,1441,1126,340,240,157,1279,918,737,230,-30,-1,0.39431616341030196,0.46132971506105835,1.266429840142096,1.7354138398914518
WC-2018,group stage,Group B,1,0,2018-06-20,Portugal,Morocco,1,0,1,-1,0,0,0-0,0,0,2,1,0,0,2018,1958,8,UEFA,0,2018,1781,1624,290,175,143,1013,713,608,1728,37,CAF,0,1807,1645,1510,295,154,177,914,562,626,230,-29,1,0.4769736842105263,0.4712460063897764,1.6661184210526316,1.4600638977635783
WC-2018,group stage,Group A,1,0,2018-06-20,Uruguay,Saudi Arabia,1,0,1,-1,0,0,0-0,0,0,2,1,0,0,2018,1921,11,CONMEBOL,0,2104,1873,1636,408,305,224,1493,1190,937,1583,62,AFC,0,1735,1491,1256,349,209,168,1148,789,726,338,-51,1,0.43543223052294555,0.4807162534435262,1.5933831376734258,1.581267217630854
WC-2018,group stage,Group B,1,0,2018-06-20,Iran,Spain,0,1,-1,1,0,0,0-0,0,0,0,0,1,0,2018,1823,19,AFC,0,1842,1645,1450,328,119,141,1090,466,588,2010,4,UEFA,0,2164,1938,1805,404,131,157,1380,632,692,-187,15,-1,0.5578231292517006,0.5838150289017341,1.8537414965986394,1.9942196531791907
WC-2018,group stage,Group D,1,0,2018-06-21,Argentina,Croatia,0,3,-3,3,0,0,0-0,0,0,0,0,1,0,2018,1921,11,CONMEBOL,0,2159,1982,1751,547,220,254,1930,1088,1021,1924,10,UEFA,0,2008,1875,1780,165,63,85,543,309,313,-3,1,-3,0.5357492654260528,0.5271565495207667,1.890303623898139,1.7348242811501597
WC-2018,group stage,Group G,1,0,2018-06-23,Belgium,Tunisia,5,2,3,-3,0,0,0-0,0,0,2,1,0,0,2018,2034,3,UEFA,0,2082,1739,1503,339,287,167,1403,1287,793,1646,48,CAF,0,1757,1613,1439,276,207,191,962,771,674,388,-45,3,0.4274905422446406,0.4094955489614243,1.7692307692307692,1.427299703264095
WC-2018,group stage,Group F,1,0,2018-06-23,South Korea,Mexico,1,2,-1,1,0,0,0-0,0,0,0,0,1,0,2018,1778,23,AFC,0,1845,1679,1445,516,205,237,1737,885,958,1779,22,CONCACAF,1,1985,1778,1498,465,234,208,1625,948,907,-1,1,-1,0.5386221294363257,0.5126791620727673,1.813152400835073,1.7916207276736493
WC-2018,group stage,Group F,1,0,2018-06-23,Germany,Sweden,2,1,1,-1,0,0,0-0,0,0,2,1,0,0,2018,1937,9,UEFA,0,2223,1909,1637,558,207,196,2154,1131,961,1850,18,UEFA,0,2013,1796,1579,505,306,224,2084,1378,1035,87,-9,1,0.5806451612903226,0.48792270531400966,2.2414151925078043,2.013526570048309
WC-2018,group stage,Group G,1,0,2018-06-24,England,Panama,6,1,5,-5,0,0,0-0,0,0,2,1,0,0,2018,1959,7,UEFA,0,2213,1983,1810,625,201,245,2512,1062,1071,1566,65,CONCACAF,0,1753,1337,1154,149,217,120,575,770,486,393,-58,5,0.5835667600373483,0.3065843621399177,2.3454715219421103,1.183127572016461
WC-2018,group stage,Group H,1,0,2018-06-24,Japan,Senegal,2,2,0,0,0,0,0-0,0,0,1,0,0,1,2018,1730,36,AFC,0,1887,1441,1126,340,240,157,1279,918,737,1755,29,CAF,0,1808,1570,1387,255,182,172,798,612,609,-25,7,0,0.46132971506105835,0.4187192118226601,1.7354138398914518,1.3103448275862069
WC-2018,group stage,Group A,1,0,2018-06-25,Saudi Arabia,Egypt,2,1,1,-1,0,0,0-0,0,0,2,1,0,0,2018,1583,62,AFC,0,1735,1491,1256,349,209,168,1148,789,726,1613,53,CAF,0,1872,1664,1527,394,204,195,1408,863,793,-30,9,1,0.4807162534435262,0.4968474148802018,1.581267217630854,1.7755359394703658
WC-2018,group stage,Group B,1,0,2018-06-25,Spain,Morocco,2,2,0,0,0,0,0-0,0,0,1,0,0,1,2018,2010,4,UEFA,0,2164,1938,1805,404,131,157,1380,632,692,1728,37,CAF,0,1807,1645,1510,295,154,177,914,562,626,282,-33,0,0.5838150289017341,0.4712460063897764,1.9942196531791907,1.4600638977635783
WC-2018,group stage,Group B,1,0,2018-06-25,Iran,Portugal,1,1,0,0,0,0,0-0,0,0,1,0,0,1,2018,1823,19,AFC,0,1842,1645,1450,328,119,141,1090,466,588,1958,8,UEFA,0,2018,1781,1624,290,175,143,1013,713,608,-135,11,0,0.5578231292517006,0.4769736842105263,1.8537414965986394,1.6661184210526316
WC-2018,group stage,Group F,1,0,2018-06-27,South Korea,Germany,2,0,2,-2,0,0,0-0,0,0,2,1,0,0,2018,1778,23,AFC,0,1845,1679,1445,516,205,237,1737,885,958,1937,9,UEFA,0,2223,1909,1637,558,207,196,2154,1131,961,-159,14,2,0.5386221294363257,0.5806451612903226,1.813152400835073,2.2414151925078043
WC-2018,group stage,Group F,1,0,2018-06-27,Mexico,Sweden,0,3,-3,3,0,0,0-0,0,0,0,0,1,0,2018,1779,22,CONCACAF,1,1985,1778,1498,465,234,208,1625,948,907,1850,18,UEFA,0,2013,1796,1579,505,306,224,2084,1378,1035,-71,4,-3,0.5126791620727673,0.48792270531400966,1.7916207276736493,2.013526570048309
WC-2018,group stage,Group H,1,0,2018-06-28,Senegal,Colombia,0,1,-1,1,0,0,0-0,0,0,0,0,1,0,2018,1755,29,CAF,0,1808,1570,1387,255,182,172,798,612,609,1960,6,CONMEBOL,0,2034,1590,1304,222,189,152,713,669,563,-205,23,-1,0.4187192118226601,0.39431616341030196,1.3103448275862069,1.266429840142096
WC-2018,group stage,Group G,1,0,2018-06-28,England,Belgium,0,1,-1,1,0,0,0-0,0,0,0,0,1,0,2018,1959,7,UEFA,0,2213,1983,1810,625,201,245,2512,1062,1071,2034,3,UEFA,0,2082,1739,1503,339,287,167,1403,1287,793,-75,4,-1,0.5835667600373483,0.4274905422446406,2.3454715219421103,1.7692307692307692
WC-2018,group stage,Group G,1,0,2018-06-28,Panama,Tunisia,1,2,-1,1,0,0,0-0,0,0,0,0,1,0,2018,1566,65,CONCACAF,0,1753,1337,1154,149,217,120,575,770,486,1646,48,CAF,0,1757,1613,1439,276,207,191,962,771,674,-80,17,-1,0.3065843621399177,0.4094955489614243,1.183127572016461,1.427299703264095
WC-2018,round of 16,not applicable,0,1,2018-06-30,France,Argentina,4,3,1,-1,0,0,0-0,0,0,2,1,0,0,2018,2092,2,UEFA,0,2135,1777,1514,416,257,177,1511,1198,850,1921,11,CONMEBOL,0,2159,1982,1751,547,220,254,1930,1088,1021,171,-9,1,0.4894117647058824,0.5357492654260528,1.7776470588235294,1.890303623898139
WC-2018,round of 16,not applicable,0,1,2018-06-30,Uruguay,Portugal,2,1,1,-1,0,0,0-0,0,0,2,1,0,0,2018,1921,11,CONMEBOL,0,2104,1873,1636,408,305,224,1493,1190,937,1958,8,UEFA,0,2018,1781,1624,290,175,143,1013,713,608,-37,3,1,0.43543223052294555,0.4769736842105263,1.5933831376734258,1.6661184210526316
WC-2018,round of 16,not applicable,0,1,2018-07-02,Brazil,Mexico,2,0,2,-2,0,0,0-0,0,0,2,1,0,0,2018,2136,1,CONMEBOL,0,2195,1992,1805,621,158,202,2129,893,981,1779,22,CONCACAF,1,1985,1778,1498,465,234,208,1625,948,907,357,-21,2,0.6330275229357798,0.5126791620727673,2.1702344546381243,1.7916207276736493
WC-2018,round of 16,not applicable,0,1,2018-07-02,Belgium,Japan,3,2,1,-1,0,0,0-0,0,0,2,1,0,0,2018,2034,3,UEFA,0,2082,1739,1503,339,287,167,1403,1287,793,1730,36,AFC,0,1887,1441,1126,340,240,157,1279,918,737,304,-33,1,0.4274905422446406,0.46132971506105835,1.7692307692307692,1.7354138398914518
WC-2018,round of 16,not applicable,0,1,2018-07-03,Sweden,Switzerland,1,0,1,-1,0,0,0-0,0,0,2,1,0,0,2018,1850,18,UEFA,0,2013,1796,1579,505,306,224,2084,1378,1035,1921,11,UEFA,0,1929,1677,1485,284,353,174,1186,1383,811,-71,7,1,0.48792270531400966,0.35018495684340323,2.013526570048309,1.4623921085080147
WC-2018,round of 16,not applicable,0,1,2018-07-03,Colombia,England,1,1,0,0,1,1,34,3,4,0,0,1,0,2018,1960,6,CONMEBOL,0,2034,1590,1304,222,189,152,713,669,563,1959,7,UEFA,0,2213,1983,1810,625,201,245,2512,1062,1071,1,-1,0,0.39431616341030196,0.5835667600373483,1.266429840142096,2.3454715219421103
WC-2018,quarter-finals,not applicable,0,1,2018-07-06,Uruguay,France,0,2,-2,2,0,0,0-0,0,0,0,0,1,0,2018,1921,11,CONMEBOL,0,2104,1873,1636,408,305,224,1493,1190,937,2092,2,UEFA,0,2135,1777,1514,416,257,177,1511,1198,850,-171,9,-2,0.43543223052294555,0.4894117647058824,1.5933831376734258,1.7776470588235294
WC-2018,quarter-finals,not applicable,0,1,2018-07-06,Brazil,Belgium,1,2,-1,1,0,0,0-0,0,0,0,0,1,0,2018,2136,1,CONMEBOL,0,2195,1992,1805,621,158,202,2129,893,981,2034,3,UEFA,0,2082,1739,1503,339,287,167,1403,1287,793,102,-2,-1,0.6330275229357798,0.4274905422446406,2.1702344546381243,1.7692307692307692
WC-2018,quarter-finals,not applicable,0,1,2018-07-07,Sweden,England,0,2,-2,2,0,0,0-0,0,0,0,0,1,0,2018,1850,18,UEFA,0,2013,1796,1579,505,306,224,2084,1378,1035,1959,7,UEFA,0,2213,1983,1810,625,201,245,2512,1062,1071,-109,11,-2,0.48792270531400966,0.5835667600373483,2.013526570048309,2.3454715219421103
WC-2018,semi-finals,not applicable,0,1,2018-07-10,France,Belgium,1,0,1,-1,0,0,0-0,0,0,2,1,0,0,2018,2092,2,UEFA,0,2135,1777,1514,416,257,177,1511,1198,850,2034,3,UEFA,0,2082,1739,1503,339,287,167,1403,1287,793,58,-1,1,0.4894117647058824,0.4274905422446406,1.7776470588235294,1.7692307692307692
WC-2018,semi-finals,not applicable,0,1,2018-07-11,Croatia,England,2,1,1,-1,1,0,0-0,0,0,2,1,0,0,2018,1924,10,UEFA,0,2008,1875,1780,165,63,85,543,309,313,1959,7,UEFA,0,2213,1983,1810,625,201,245,2512,1062,1071,-35,3,1,0.5271565495207667,0.5835667600373483,1.7348242811501597,2.3454715219421103
WC-2018,third-place match,not applicable,0,1,2018-07-14,Belgium,England,2,0,2,-2,0,0,0-0,0,0,2,1,0,0,2018,2034,3,UEFA,0,2082,1739,1503,339,287,167,1403,1287,793,1959,7,UEFA,0,2213,1983,1810,625,201,245,2512,1062,1071,75,-4,2,0.4274905422446406,0.5835667600373483,1.7692307692307692,2.3454715219421103
WC-2018,final,not applicable,0,1,2018-07-15,France,Croatia,4,2,2,-2,0,0,0-0,0,0,2,1,0,0,2018,2092,2,UEFA,0,2135,1777,1514,416,257,177,1511,1198,850,1924,10,UEFA,0,2008,1875,1780,165,63,85,543,309,313,168,-8,2,0.4894117647058824,0.5271565495207667,1.7776470588235294,1.7348242811501597
WC-2022,group stage,Group A,1,0,2022-11-20,Qatar,Ecuador,0,2,-2,2,0,0,0-0,0,0,0,0,1,0,2022,1577,65,AFC,0,1771,1409,965,269,213,164,918,751,646,1842,19,CONMEBOL,0,1914,1511,1183,167,248,146,680,880,561,-265,46,-2,0.41640866873065013,0.2976827094474153,1.4210526315789473,1.2121212121212122
WC-2022,group stage,Group B,1,0,2022-11-21,England,Iran,6,2,4,-4,0,0,0-0,0,0,2,1,0,0,2022,1966,8,UEFA,0,2213,1983,1810,657,209,255,2637,1095,1121,1780,27,AFC,0,1844,1652,1450,353,127,145,1172,491,625,186,-19,4,0.5860838537020517,0.5648,2.3523639607493307,1.8752
WC-2022,group stage,Group A,1,0,2022-11-21,Senegal,Netherlands,0,2,-2,2,0,0,0-0,0,0,0,0,1,0,2022,1745,35,CAF,0,1808,1580,1387,287,190,184,878,650,661,2073,4,UEFA,0,2153,1844,1553,444,231,188,1800,1101,863,-328,31,-2,0.4341906202723147,0.5144843568945539,1.3282904689863844,2.085747392815759
WC-2022,group stage,Group C,1,0,2022-11-22,Argentina,Saudi Arabia,1,2,-1,1,0,0,0-0,0,0,0,0,1,0,2022,2144,1,CONMEBOL,0,2159,1983,1751,580,224,268,2032,1122,1072,1644,54,AFC,0,1735,1497,1256,373,225,181,1214,832,779,500,-53,-1,0.5410447761194029,0.47881899871630296,1.8955223880597014,1.5584082156611039
WC-2022,group stage,Group D,1,0,2022-11-22,France,Australia,4,1,3,-3,0,0,0-0,0,0,2,1,0,0,2022,2081,3,UEFA,0,2135,1787,1514,449,263,188,1621,1240,900,1773,29,AFC,0,1876,1669,1475,304,171,124,1220,688,599,308,-26,3,0.4988888888888889,0.5075125208681135,1.801111111111111,2.036727879799666
WC-2022,group stage,Group F,1,0,2022-11-23,Morocco,Croatia,0,0,0,0,0,0,0-0,0,0,1,0,0,1,2022,1866,16,CAF,0,1923,1648,1510,327,162,190,1001,595,679,1950,10,UEFA,0,2008,1876,1780,189,76,98,626,368,363,-84,6,0,0.48159057437407954,0.5206611570247934,1.4742268041237114,1.7245179063360883
WC-2022,group stage,Group E,1,0,2022-11-23,Germany,Japan,1,2,-1,1,0,0,0-0,0,0,0,0,1,0,2022,1955,9,UEFA,0,2223,1910,1637,583,214,210,2272,1185,1007,1851,17,AFC,0,1887,1454,1126,377,252,165,1396,958,794,104,-8,-1,0.5789473684210527,0.4748110831234257,2.256206554121152,1.7581863979848866
WC-2022,group stage,Group F,1,0,2022-11-23,Belgium,Canada,1,0,1,-1,0,0,0-0,0,0,2,1,0,0,2022,1947,11,UEFA,0,2157,1750,1503,371,295,174,1519,1327,840,1711,40,CONCACAF,1,1841,1593,1470,170,177,99,566,583,446,236,-29,1,0.44166666666666665,0.3811659192825112,1.8083333333333333,1.2690582959641257
WC-2022,group stage,Group H,1,0,2022-11-24,Uruguay,South Korea,0,0,0,0,0,0,0-0,0,0,1,0,0,1,2022,1904,13,CONMEBOL,0,2104,1875,1636,430,314,237,1557,1225,981,1788,26,AFC,0,1845,1684,1445,548,214,246,1826,927,1008,116,-13,0,0.4383282364933741,0.5436507936507936,1.5871559633027523,1.8115079365079365
WC-2022,group stage,Group H,1,0,2022-11-24,Portugal,Ghana,3,2,1,-1,0,0,0-0,0,0,2,1,0,0,2022,1998,5,UEFA,0,2060,1790,1624,320,184,152,1124,748,656,1593,62,CAF,0,1877,1656,1424,358,199,185,1199,776,742,405,-57,1,0.4878048780487805,0.48247978436657685,1.7134146341463414,1.6159029649595686
WC-2022,group stage,Group A,1,0,2022-11-25,Qatar,Senegal,1,3,-2,2,0,0,0-0,0,0,0,0,1,0,2022,1577,65,AFC,0,1771,1409,965,269,213,164,918,751,646,1745,35,CAF,0,1808,1580,1387,287,190,184,878,650,661,-168,30,-2,0.41640866873065013,0.4341906202723147,1.4210526315789473,1.3282904689863844
WC-2022,group stage,Group A,1,0,2022-11-25,Netherlands,Ecuador,1,1,0,0,0,0,0-0,0,0,1,0,0,1,2022,2073,4,UEFA,0,2153,1844,1553,444,231,188,1800,1101,863,1842,19,CONMEBOL,0,1914,1511,1183,167,248,146,680,880,561,231,-15,0,0.5144843568945539,0.2976827094474153,2.085747392815759,1.2121212121212122
WC-2022,group stage,Group B,1,0,2022-11-25,England,United States,0,0,0,0,0,0,0-0,0,0,1,0,0,1,2022,1966,8,UEFA,0,2213,1983,1810,657,209,255,2637,1095,1121,1817,23,CONCACAF,1,1890,1638,1410,340,269,164,1145,1013,773,149,-15,0,0.5860838537020517,0.4398447606727037,2.3523639607493307,1.48124191461837
WC-2022,group stage,Group D,1,0,2022-11-26,Tunisia,Australia,0,1,-1,1,0,0,0-0,0,0,0,0,1,0,2022,1745,35,CAF,0,1757,1614,1439,307,220,202,1040,806,729,1773,29,AFC,0,1876,1669,1475,304,171,124,1220,688,599,-28,6,-1,0.42112482853223593,0.5075125208681135,1.4266117969821674,2.036727879799666
WC-2022,group stage,Group C,1,0,2022-11-26,Argentina,Mexico,2,0,2,-2,0,0,0-0,0,0,2,1,0,0,2022,2144,1,CONMEBOL,0,2159,1983,1751,580,224,268,2032,1122,1072,1812,24,CONCACAF,1,1985,1781,1498,505,246,222,1741,1003,973,332,-23,2,0.5410447761194029,0.5190133607399794,1.8955223880597014,1.789311408016444
WC-2022,group stage,Group F,1,0,2022-11-27,Belgium,Morocco,0,2,-2,2,0,0,0-0,0,0,0,0,1,0,2022,1947,11,UEFA,0,2157,1750,1503,371,295,174,1519,1327,840,1866,16,CAF,0,1923,1648,1510,327,162,190,1001,595,679,81,-5,-2,0.44166666666666665,0.48159057437407954,1.8083333333333333,1.4742268041237114
WC-2022,group stage,Group F,1,0,2022-11-27,Croatia,Canada,4,1,3,-3,0,0,0-0,0,0,2,1,0,0,2022,1950,10,UEFA,0,2008,1876,1780,189,76,98,626,368,363,1711,40,CONCACAF,1,1841,1593,1470,170,177,99,566,583,446,239,-30,3,0.5206611570247934,0.3811659192825112,1.7245179063360883,1.2690582959641257
WC-2022,group stage,Group E,1,0,2022-11-27,Spain,Germany,1,1,0,0,0,0,0-0,0,0,1,0,0,1,2022,1996,6,UEFA,0,2164,1941,1805,432,136,173,1487,665,741,1955,9,UEFA,0,2223,1910,1637,583,214,210,2272,1185,1007,41,-3,0,0.582995951417004,0.5789473684210527,2.0067476383265856,2.256206554121152
WC-2022,group stage,Group H,1,0,2022-11-28,South Korea,Ghana,2,3,-1,1,0,0,0-0,0,0,0,0,1,0,2022,1788,26,AFC,0,1845,1684,1445,548,214,246,1826,927,1008,1593,62,CAF,0,1877,1656,1424,358,199,185,1199,776,742,195,-36,-1,0.5436507936507936,0.48247978436657685,1.8115079365079365,1.6159029649595686
WC-2022,group stage,Group G,1,0,2022-11-28,Brazil,Switzerland,1,0,1,-1,0,0,0-0,0,0,2,1,0,0,2022,2133,2,CONMEBOL,0,2195,1997,1805,655,162,213,2236,915,1030,1878,15,UEFA,0,1933,1685,1485,304,367,187,1264,1442,858,255,-13,1,0.6359223300970874,0.3543123543123543,2.170873786407767,1.4731934731934733
WC-2022,group stage,Group H,1,0,2022-11-28,Portugal,Uruguay,2,0,2,-2,0,0,0-0,0,0,2,1,0,0,2022,1998,5,UEFA,0,2060,1790,1624,320,184,152,1124,748,656,1904,13,CONMEBOL,0,2104,1875,1636,430,314,237,1557,1225,981,94,-8,2,0.4878048780487805,0.4383282364933741,1.7134146341463414,1.5871559633027523
WC-2022,group stage,Group A,1,0,2022-11-29,Ecuador,Senegal,1,2,-1,1,0,0,0-0,0,0,0,0,1,0,2022,1842,19,CONMEBOL,0,1914,1511,1183,167,248,146,680,880,561,1745,35,CAF,0,1808,1580,1387,287,190,184,878,650,661,97,-16,-1,0.2976827094474153,0.4341906202723147,1.2121212121212122,1.3282904689863844
WC-2022,group stage,Group A,1,0,2022-11-29,Netherlands,Qatar,2,0,2,-2,0,0,0-0,0,0,2,1,0,0,2022,2073,4,UEFA,0,2153,1844,1553,444,231,188,1800,1101,863,1577,65,AFC,0,1771,1409,965,269,213,164,918,751,646,496,-61,2,0.5144843568945539,0.41640866873065013,2.085747392815759,1.4210526315789473
WC-2022,group stage,Group B,1,0,2022-11-29,Iran,United States,0,1,-1,1,0,0,0-0,0,0,0,0,1,0,2022,1780,27,AFC,0,1844,1652,1450,353,127,145,1172,491,625,1817,23,CONCACAF,1,1890,1638,1410,340,269,164,1145,1013,773,-37,4,-1,0.5648,0.4398447606727037,1.8752,1.48124191461837
WC-2022,group stage,Group D,1,0,2022-11-30,Tunisia,France,1,0,1,-1,0,0,0-0,0,0,2,1,0,0,2022,1745,35,CAF,0,1757,1614,1439,307,220,202,1040,806,729,2081,3,UEFA,0,2135,1787,1514,449,263,188,1621,1240,900,-336,32,1,0.42112482853223593,0.4988888888888889,1.4266117969821674,1.801111111111111
WC-2022,group stage,Group C,1,0,2022-11-30,Saudi Arabia,Mexico,1,2,-1,1,0,0,0-0,0,0,0,0,1,0,2022,1644,54,AFC,0,1735,1497,1256,373,225,181,1214,832,779,1812,24,CONCACAF,1,1985,1781,1498,505,246,222,1741,1003,973,-168,30,-1,0.47881899871630296,0.5190133607399794,1.5584082156611039,1.789311408016444
WC-2022,group stage,Group F,1,0,2022-12-01,Canada,Morocco,1,2,-1,1,0,0,0-0,0,0,0,0,1,0,2022,1711,40,CONCACAF,1,1841,1593,1470,170,177,99,566,583,446,1866,16,CAF,0,1923,1648,1510,327,162,190,1001,595,679,-155,24,-1,0.3811659192825112,0.48159057437407954,1.2690582959641257,1.4742268041237114
WC-2022,group stage,Group F,1,0,2022-12-01,Croatia,Belgium,0,0,0,0,0,0,0-0,0,0,1,0,0,1,2022,1950,10,UEFA,0,2008,1876,1780,189,76,98,626,368,363,1947,11,UEFA,0,2157,1750,1503,371,295,174,1519,1327,840,3,-1,0,0.5206611570247934,0.44166666666666665,1.7245179063360883,1.8083333333333333
WC-2022,group stage,Group E,1,0,2022-12-01,Japan,Spain,2,1,1,-1,0,0,0-0,0,0,2,1,0,0,2022,1851,17,AFC,0,1887,1454,1126,377,252,165,1396,958,794,1996,6,UEFA,0,2164,1941,1805,432,136,173,1487,665,741,-145,11,1,0.4748110831234257,0.582995951417004,1.7581863979848866,2.0067476383265856
WC-2022,group stage,Group H,1,0,2022-12-02,Ghana,Uruguay,0,2,-2,2,0,0,0-0,0,0,0,0,1,0,2022,1593,62,CAF,0,1877,1656,1424,358,199,185,1199,776,742,1904,13,CONMEBOL,0,2104,1875,1636,430,314,237,1557,1225,981,-311,49,-2,0.48247978436657685,0.4383282364933741,1.6159029649595686,1.5871559633027523
WC-2022,group stage,Group H,1,0,2022-12-02,South Korea,Portugal,2,1,1,-1,0,0,0-0,0,0,2,1,0,0,2022,1788,26,AFC,0,1845,1684,1445,548,214,246,1826,927,1008,1998,5,UEFA,0,2060,1790,1624,320,184,152,1124,748,656,-210,21,1,0.5436507936507936,0.4878048780487805,1.8115079365079365,1.7134146341463414
WC-2022,round of 16,not applicable,0,1,2022-12-03,Netherlands,United States,3,1,2,-2,0,0,0-0,0,0,2,1,0,0,2022,2073,4,UEFA,0,2153,1844,1553,444,231,188,1800,1101,863,1817,23,CONCACAF,1,1890,1638,1410,340,269,164,1145,1013,773,256,-19,2,0.5144843568945539,0.4398447606727037,2.085747392815759,1.48124191461837
WC-2022,round of 16,not applicable,0,1,2022-12-03,Argentina,Australia,2,1,1,-1,0,0,0-0,0,0,2,1,0,0,2022,2144,1,CONMEBOL,0,2159,1983,1751,580,224,268,2032,1122,1072,1773,29,AFC,0,1876,1669,1475,304,171,124,1220,688,599,371,-28,1,0.5410447761194029,0.5075125208681135,1.8955223880597014,2.036727879799666
WC-2022,round of 16,not applicable,0,1,2022-12-04,England,Senegal,3,0,3,-3,0,0,0-0,0,0,2,1,0,0,2022,1966,8,UEFA,0,2213,1983,1810,657,209,255,2637,1095,1121,1745,35,CAF,0,1808,1580,1387,287,190,184,878,650,661,221,-27,3,0.5860838537020517,0.4341906202723147,2.3523639607493307,1.3282904689863844
WC-2022,round of 16,not applicable,0,1,2022-12-05,Japan,Croatia,1,1,0,0,1,1,13,1,3,0,0,1,0,2022,1851,17,AFC,0,1887,1454,1126,377,252,165,1396,958,794,1950,10,UEFA,0,2008,1876,1780,189,76,98,626,368,363,-99,7,0,0.4748110831234257,0.5206611570247934,1.7581863979848866,1.7245179063360883
WC-2022,round of 16,not applicable,0,1,2022-12-05,Brazil,South Korea,4,1,3,-3,0,0,0-0,0,0,2,1,0,0,2022,2133,2,CONMEBOL,0,2195,1997,1805,655,162,213,2236,915,1030,1788,26,AFC,0,1845,1684,1445,548,214,246,1826,927,1008,345,-24,3,0.6359223300970874,0.5436507936507936,2.170873786407767,1.8115079365079365
WC-2022,round of 16,not applicable,0,1,2022-12-06,Morocco,Spain,0,0,0,0,1,1,30,3,0,2,1,0,0,2022,1866,16,CAF,0,1923,1648,1510,327,162,190,1001,595,679,1996,6,UEFA,0,2164,1941,1805,432,136,173,1487,665,741,-130,10,0,0.48159057437407954,0.582995951417004,1.4742268041237114,2.0067476383265856
WC-2022,round of 16,not applicable,0,1,2022-12-06,Portugal,Switzerland,6,1,5,-5,0,0,0-0,0,0,2,1,0,0,2022,1998,5,UEFA,0,2060,1790,1624,320,184,152,1124,748,656,1878,15,UEFA,0,1933,1685,1485,304,367,187,1264,1442,858,120,-10,5,0.4878048780487805,0.3543123543123543,1.7134146341463414,1.4731934731934733
WC-2022,quarter-finals,not applicable,0,1,2022-12-09,Croatia,Brazil,1,1,0,0,1,1,42,4,2,2,1,0,0,2022,1950,10,UEFA,0,2008,1876,1780,189,76,98,626,368,363,2133,2,CONMEBOL,0,2195,1997,1805,655,162,213,2236,915,1030,-183,8,0,0.5206611570247934,0.6359223300970874,1.7245179063360883,2.170873786407767
WC-2022,quarter-finals,not applicable,0,1,2022-12-09,Netherlands,Argentina,2,2,0,0,1,1,34,3,4,0,0,1,0,2022,2073,4,UEFA,0,2153,1844,1553,444,231,188,1800,1101,863,2144,1,CONMEBOL,0,2159,1983,1751,580,224,268,2032,1122,1072,-71,3,0,0.5144843568945539,0.5410447761194029,2.085747392815759,1.8955223880597014
WC-2022,quarter-finals,not applicable,0,1,2022-12-10,Morocco,Portugal,1,0,1,-1,0,0,0-0,0,0,2,1,0,0,2022,1866,16,CAF,0,1923,1648,1510,327,162,190,1001,595,679,1998,5,UEFA,0,2060,1790,1624,320,184,152,1124,748,656,-132,11,1,0.48159057437407954,0.4878048780487805,1.4742268041237114,1.7134146341463414
WC-2022,quarter-finals,not applicable,0,1,2022-12-10,England,France,1,2,-1,1,0,0,0-0,0,0,0,0,1,0,2022,1966,8,UEFA,0,2213,1983,1810,657,209,255,2637,1095,1121,2081,3,UEFA,0,2135,1787,1514,449,263,188,1621,1240,900,-115,5,-1,0.5860838537020517,0.4988888888888889,2.3523639607493307,1.801111111111111
WC-2022,semi-finals,not applicable,0,1,2022-12-13,Argentina,Croatia,3,0,3,-3,0,0,0-0,0,0,2,1,0,0,2022,2144,1,CONMEBOL,0,2159,1983,1751,580,224,268,2032,1122,1072,1950,10,UEFA,0,2008,1876,1780,189,76,98,626,368,363,194,-9,3,0.5410447761194029,0.5206611570247934,1.8955223880597014,1.7245179063360883
WC-2022,semi-finals,not applicable,0,1,2022-12-14,France,Morocco,2,0,2,-2,0,0,0-0,0,0,2,1,0,0,2022,2081,3,UEFA,0,2135,1787,1514,449,263,188,1621,1240,900,1866,16,CAF,0,1923,1648,1510,327,162,190,1001,595,679,215,-13,2,0.4988888888888889,0.48159057437407954,1.801111111111111,1.4742268041237114
WC-2022,third-place match,not applicable,0,1,2022-12-17,Croatia,Morocco,2,1,1,-1,0,0,0-0,0,0,2,1,0,0,2022,1950,10,UEFA,0,2008,1876,1780,189,76,98,626,368,363,1866,16,CAF,0,1923,1648,1510,327,162,190,1001,595,679,84,-6,1,0.5206611570247934,0.48159057437407954,1.7245179063360883,1.4742268041237114
WC-2022,final,not applicable,0,1,2022-12-18,Argentina,France,3,3,0,0,1,1,42,4,2,2,1,0,0,2022,2144,1,CONMEBOL,0,2159,1983,1751,580,224,268,2032,1122,1072,2081,3,UEFA,0,2135,1787,1514,449,263,188,1621,1240,900,63,-2,0,0.5410447761194029,0.4988888888888889,1.8955223880597014,1.801111111111111
